tid,mxm_tid,artist_name_mxm,title_mxm
TRMMOYE128F424D442,1302784,Furry Lewis,"John Henry (The Steel Driving Man), Part 2"
TRMMORV12903D0437A,1667550,Gak Sato,The Man (Whereabouts Be Unknown)
TRMMOWV128F42B258C,6125943,Steve Roach,First Light
TRMMOWI128F426EA7B,5541176,Crystal,Ha arra ébredek
TRMMOWV128F42728FB,3628283,Section 25,Haunted
TRMMOUP128F1474363,2036480,Jan De Wilde,Fanfare Van Honger En Dorst
TRMMOYO128F92E0EDC,904826,Anointed,If We Pray
TRMMOUZ128F92F2AEF,6412207,Goldblade,Stereo Gangsta
TRMMOVD128F9334E84,3120721,Nash the Slash,The Million-Year Picnic
TRMMOXO128F9335330,9278357,Graham Parker,You've Got to Be Kidding
TRMMOJB128F146682E,2560361,Jon Secada,Solo Tu Imagen
TRMMOHZ128F9350128,2891544,Pavement,All My Friends
TRMMOET128F92E83DD,1628156,The Wildhearts,Top of the World
TRMMOCQ128F428A1A5,5643462,Ash,I'm Gonna Fall
TRMMOCN128F42321B4,8058026,Cold Blood,Feel So Bad
TRMMOWW128F1465642,4214933,Yann Tiersen,La valse d'Amélie (orchestra version)
TRMMOZR128F931474C,5708824,CPM 22,Um minuto para o fim do mundo
TRMMOSX128F424F556,5131919,Michael Kiske,Sad as the World
TRMMOKL12903CC19B8,610885,Ben Tankard,El Shaddai
TRMMOMM128F92D240B,9393247,Carl Michael von Hausswolff,"""Är Livet En Dröm Eller Verklighet"". Composed and Sung By (feat. Jürgenson From an Unpublished Tape)"
TRMMOYO128F42512CB,6075709,Jenny Piccolo,Cyanide Inhaler
TRMMODT128F42141C3,3019589,Lady Laistee,Ma petite maison dans la cité
TRMMOUH12903CB1269,2088614,Peter & Gordon,Five Hundred Miles
TRMMOCC128F147EC4B,5673254,Eclection,Another Time / Another Place
TRMMOBE128F424FC2C,3695490,Mint Royale,My Heart Is Beating Fast
TRMMOHI128F9326CCA,1009264,Carbon Leaf,Mellow Tone
TRMMOLY128E0785A4B,3603364,Bonnie McKee,Honey
TRMMXOX128F92E9A3B,1075328,Run-D.M.C.,My Adidas
TRMMXDK128F92D2223,5809648,Mika Vainio,Leslie
TRMMXXL128F9329382,1152530,Sing-Sing,Tegan
TRMMXWK128F4228043,6776644,Verona,La musica
TRMMXIA12903C9D405,9966426,Levitation,More Than Ever People
TRMMXAP128F9316172,1439095,Pat Metheny,Over on 4th Street
TRMMXGF12903CCA74C,880979,Ween,Mononucleosis
TRMMXNN128F1460C69,3457869,Donnie,Our New National Anthem
TRMMXZT128F428C5D2,6053111,Perturbazione,Brautigan (Giorni che finiscono)
TRMMXAM128F4277BE0,2748364,9 Shocks Terror,Constant Pressure
TRMMXQX128F1460F42,8345838,Paul Mauriat,L'Oiseau et l'Enfant
TRMMXSA128F1468B12,3281341,Dion & The Belmonts,Queen of the Hop
TRMMXZS128F426195F,1526851,Rodney P / Farma G / Mystro / Braintax,You Know Who You Are
TRMMXIN128F932CB42,3284677,Electrostatic,Beautiful Game (Electrostatic's Fifty-Fathoms Mix)
TRMMXMC128F424A679,2818196,Ne Luumäet,Oot kaunis
TRMMXPG128F92FF61A,1526110,Two Lone Swordsmen,Solo Strike
TRMMXUG128F9324338,9708205,Vincent de Moor,Flowtation
TRMMXYX128F42946B5,9507387,Modern Talking,Give Me Peace on Earth
TRMMXVK128EF351295,6091054,Morthem Vlade Art,A Dish of Malicious Gossip
TRMMXRN128F92F9B70,4501451,Robert Mirabal,An Kah Na
TRMMXBN128F4299C07,1209762,Tiromancino,Federazione porno
TRMMXOX128F9338113,7476332,María Elena Walsh,Barco Quieto
TRMMXGJ128F931A0AB,5550200,Björk,Storm
TRMMXXH12903CD9752,6035492,G-Pal,Morning Lights
TRMMXHV128F42B805F,4092095,The Like,(So I'll Sit Here) Waiting
TRMMXBQ12903CBE3E8,3588242,The Feelies,I Wanna Sleep in Your Arms
TRMMXJL128F934AEDA,595754,GWAR,Krak Down
TRMMXUI128F4222C00,3661826,Utopia,Crybaby
TRMMXIA12903D105AA,5890135,Entre Ríos,Drama
TRMMXHM128E0792061,1378764,The Revolution Smile,Alien
TRMMXAC128F4295260,7908341,Kate Smith,It's Beginning To Look A Lot Like Christmas
TRMMXVM128F4247B9E,4824039,Swedish Erotica,Love on the Line
TRMMXKN128F92F1D2E,8012094,Larsen,Lefrak City Limits
TRMMXDP128F425362B,3146650,Omnium Gatherum,Auguries Gone
TRMMXPR128F4272AB0,4283858,Jagged Edge,"Where the Party At (11-01-01 remix) (feat. Jermaine Dupri, da Brat, R.O.C., Lil Bow Wow & Tigah)"
TRMMXNE128F4233F94,1034320,Damn Yankees,Double Coyote
TRMMXYW128F930BD62,4091952,Airiel,Blowin' Cool
TRMMXWB128F427F5E5,731558,Kim Hill,"O Come, Let Us Adore Him"
TRMMXQT128F4275391,6256122,Entombed,Amok
TRMMXLJ128F426383C,2143617,Cuba,Devil's Rock
TRMMXIL128F92EFB7C,7644715,Headhunter,Prototype
TRMMXBH128F428CB17,3258038,John Gary,If You Love Me
TRMMKFU128F931AC46,8924062,Art Mengo,Je prendrai sur moi
TRMMKSM128F933A4E1,7533627,Matthew Sweet,Flying
TRMMKYG128F933BB33,9467233,Jamie Cullum,Just One of Those Things
TRMMKSI128F42B6508,1158216,Catherine Wheel,Shocking
TRMMKUE12903CAD9F5,3320098,Marty Robbins,Constancy (Ua Like No More)
TRMMKHJ128F146BC56,7763612,T-Connection,Totally connected
TRMMKFS128F93275CB,7434487,Pinch,Get Up
TRMMKSO128F934402D,5437624,Dead to Me,Splendid Isolation
TRMMKJR128F1485806,9101191,Moloko,Lotus Eaters
TRMMKFK128F425CE1F,3603029,Coffin Break,Our World Now
TRMMKCP128F930693F,9312800,Ram-Zet,God Don't Forgive
TRMMKSV128F9347C71,5020571,Juan Gabriel,"Adiós amor, te vas"
TRMMKLQ128F92C4F00,2686742,Yennah,Pulsar
TRMMKEH128F429EC24,5293510,Yo La Tengo,Song for Mahila
TRMMKIR128F423A79C,7252948,Padded Cell,Are You Anywhere? (edit)
TRMMKFN128F42724FE,8714267,Les Trois Accords,Ton avion
TRMMKVM128E0787352,7349909,Morris Day,The Oak Tree (extended dance version)
TRMMKJP128F92D535E,7642815,Garou,Beautiful Regret
TRMMKPT128F147235E,3271598,JD Natasha,Tan Cerca
TRMMKBG128F42BAA75,5839343,2 Bit Pie,Nobody Never
TRMMKWK128F14651CA,2104830,Earl Klugh,The Rainmaker
TRMMKBS128F426B683,2116027,Vibracathedral Orchestra,Caked
TRMMKUQ128F4259EBF,651234,Mad Dog Loose,Sister Of Free
TRMMKHM128E078EFB3,765999,Boyz II Men,To the Limit
TRMMKHL128F932DE2E,2515051,Lackluster,LL12 Cart Etak (08/01/01)
TRMMKVQ12903D0D2F1,8214824,Hablando en Plata,Jugar con fuego
TRMMKWI128F93547D7,2117760,Electric Boys,Halleluja! I'm On Fire
TRMMKXG12903CDEB38,1572960,Oliver Onions,Ballad
TRMMKXA128F92FC2A3,13433312,The Dismemberment Plan,The Dismemberment Plan Gets Rich
TRMMKUL128F93359C6,3651077,Cory Branan,Spoke Too Soon
TRMMKGK128F9313C22,1713385,Standstill,Skies and a Mouse
TRMMKGE128F42278B8,6944234,High Dependency Unit,A Copy of Yourself
TRMMKVV12903CAEF8D,955887,Charlie Parker,Now's the Time
TRMMKJX128E07818C1,8387523,Daft Punk,Face to Face (Cosmo Vitelli remix)
TRMMKCC128F14988FE,895094,Big Tymers,10 Wayz
TRMMKTI128F425C805,9767761,Jackie Allen,Admit It
TRMMKHJ12903D0354E,4819580,New Monsoon,African Rain
TRMMKIG12903CEF0AA,632271,Nestor Torres,Luna Latina
TRMMKBR128F9302799,9022077,Heads We Dance,Dial 481
TRMMKAR128EF3431B1,5714878,Ayọ,Without You
TRMMKDG128F4275AE1,7932407,Kudai,Disfraz
TRMMKPO128F92CCE72,587142,The Neckbones,64 Days
TRMMKJK128F4258BBC,8216899,T-Spoon,A Part of My Life
TRMMYQW128F42A258E,3344346,Iron Sy,La Faucheuse
TRMMYMN128F930E7F2,5390942,Fireflight,Something New
TRMMYXN128F422AAFF,8747116,Kaiser Souzai,Gaia
TRMMYEQ128F145DB07,913712,Paul Westerberg,Born for Me
TRMMYCN128F92F6746,5056949,Charles Mingus,He's Gone
TRMMYNB12903CC9D56,6284283,Gibonni,Oprosti
TRMMYAV128E0784E2F,1677296,Fabolous,Not Give a Fuck
TRMMYWG128F14590F3,2739991,Les Négresses Vertes,Sous le soleil de Bodega (extended)
TRMMYEK128F147BDF1,838937,Agent Orange,Pipeline
TRMMYQZ128F9326055,1229208,Scorpions,Leave Me
TRMMYPQ12903CDAB36,9663328,Factums,Soundhole
TRMMYTW128F92FE1B2,9166055,Jesper Kyd,Trouble in Jerusalem
TRMMYNY12903CBAACE,10134418,Marek Hemmann,Left (feat. Fabian Reichelt)
TRMMYAK128F932D55A,2928033,Joni James,How Important Can it Be
TRMMYKG12903CD45DA,4324768,Margo Guryan,What Can I Give You
TRMMYVL12903CD0B30,1178631,Michael W. Smith,Jingle Bells
TRMMYTK12903CE7E52,5741800,Jon O'Bir,Effectual (Activa re-edit)
TRMMYRR128F931E1F4,2250540,Marcus Miller,Could It Be You
TRMMYXD128F423C231,3618077,Ray Charles,Get on the Right Track Baby
TRMMYVI12903CB573B,1487820,Cameo,She's Strange
TRMMYUD128F4256B42,4942732,Endstand,King of Drama
TRMMYWL128F92D1598,1116873,John Coltrane,I Want to Talk About You
TRMMYVX128F425A3BD,1950053,The Coral,Why Does the Sun Come Up?
TRMMYLC128F9304D4F,7546026,Andomat 3000,BND2
TRMMYPS128EF3671F5,6207446,No Turning Back,Sick and Tired
TRMMYFS128F427F042,4966225,Travel by Sea,Desert Comes Alive
TRMMYLM128F42AC3E8,4163674,Diego el Cigala,Malagueño
TRMMYON128F933DC08,5796934,Nitty Gritty,Gimme Some of Your Something
TRMMYBP128F934B474,2519811,Cattle Decapitation,Men Before Swine (Outro)
TRMMYKK128F9361754,3474098,83,La Charge
TRMMYVC128F1453153,2358760,Wayne Watson,Would I Know You
TRMMYPY128F4299371,7889474,The Koobas,Gold leaf tree
TRMMYBG128F92F907B,6233180,Kerry Livgren,How Can You Live
TRMMYJR128F92F85E4,563530,Tuff,Follow the Loser
TRMMYGV12903CA25F3,9665448,Organized Konfusion,Sin
TRMMYYO12903CFF0EF,1825018,Grave,Rise
TRMMYCS128F92D0F52,4087570,Yotoko,Heaven and Earth
TRMMYSD128F9326CF4,1365999,The Exploited,Eyes of the Vulture
TRMMYUH128F9329AAC,1208708,Accessory,Souliner
TRMMYDA128F92F5552,7808696,Steven Wilson,Only Child
TRMMYEF128F92EAF33,9446454,Suburbs,Prolongation
TRMMYRF128F14744AA,1222378,Les Innocents,Joyeux Noël
TRMMYYW12903CC6F8C,5102299,The Kalendar Band,Lichtensteiner Polka
TRMMYXQ128F93093E1,7297914,Ayria,Infiltrating My Way Through the System (Exclusive mix)
TRMMYOF128F1495664,1179193,Gang Starr,Lovesick
TRMMYRA128F9340C78,6008237,Andre Nickatina,Heelz (feat. Equipto)
TRMMYHF128F4273E6B,2841370,Little River Band,Forever Now
TRMMYWC128F9338C47,3648488,Billy Fury,Give Me Your Word
TRMMYGT12903D0A037,1081418,Blind Guardian,Another Holy War
TRMMYRJ128F147B81E,6049271,The Association,Just About the Same
TRMWMHJ128E0787355,1746444,Morris Day,Love / Addiction
TRMWMHV128F4239383,5438372,This Providence,A Wolf in Sheep's Clothing
TRMWMMJ128F4241E5F,873336,Reset,A Matter of Rights
TRMWMBP128F9314D12,3667988,Fucked Up,Land of Nod (demo)
TRMWMZM128F9334413,1851922,Kitty Wells,Searching (for Someone Like You)
TRMWMBW128F932F641,7662366,Lenine,Lá vem a cidade
TRMWMYI12903CB86A9,7919820,Erika,I Don't Know
TRMWMES12903CF370B,5009443,Wig Wam,The Riddle
TRMWMPM128F9337B98,2591528,Willy Chirino,Somos
TRMWMPE128F930B92E,6199481,Luka Bloom,Change
TRMWMYE128F4255ED0,4475623,New Model Army,Brave New World
TRMWMTN128F427CE33,2362798,Stomy Bugsy,La Bug's Life
TRMWMYL128F92F20A1,7217680,The Clancy Brothers,Whiskey You're the Devil
TRMWMDF128E07913DA,3991317,Taproot,Forever Endeavor
TRMWMFW128F92CDF81,7522478,Ina Deter,Neue Männer braucht das Land
TRMWMAS12903CB89AC,6767296,Jasper van 't Hof,Neverneverland
TRMWMRU12903CFA5D3,7356996,Die Toten Hosen,Vater unser
TRMWMMU128F93218F2,7515246,Igneous Flame,Airottivia
TRMWMSL128F42592F8,9657391,The Headless Horsemen,Goodbye Love
TRMWMQB128F932267D,3961748,Her Space Holiday,The Good People of Everywhere
TRMWMKN128F4236D0E,1584327,Skalariak,Pide perdón
TRMWMCU128F92D886A,8680324,Guus Meeuwis,Denk ik alleen aan jou
TRMWMQX12903CC07B9,4432062,Thelma Houston,Don't Leave Me This Way
TRMWMIU128F92E72F9,1793487,2Pac,Lil' Homies
TRMWMSS12903CE8456,2268815,Chavela Vargas,Se me hizo facíl
TRMWMUJ12903D03888,9596951,Archie Bronson Outfit,Shark's Tooth
TRMWMGH128F92EF0EF,1567828,Solid Globe,North Pole
TRMWMHA12903CAD333,11118768,Lee Andrews & The Hearts,Long Lonely Nights
TRMWMFZ128F931ADE5,6581089,Relient K,12 Days of Christmas
TRMWMNS12903CDB228,3413267,Indukti,Freder
TRMWMFW128F14925E3,1392456,Zap Mama,Mupepe
TRMWMGY128F4229F98,12467791,The Riptides,Subway Surfin' 2
TRMWMBF128F9336FCA,3975738,The High Dials,Winter Ghosts
TRMWMIG128F92E3650,8486810,Speech Debelle,Finish This Album
TRMWMNE128F92E744B,745430,Vanessa Williams,2 of a Kind
TRMWMAG12903CDB39D,1811168,Robert Pete Williams,Railroad Blues
TRMWMPW128F1464B39,5063557,Poison,Look What the Cat Dragged In
TRMWMEN128F934F65F,3758105,Bruce BecVar,Mystic Echoes
TRMWMBB128F92F48EB,8541228,Therion,Grand Finale
TRMWMFY128F93225E8,3180146,Truth Enola,Everything Gonna Be Alright
TRMWMSG128F426474E,2997600,The Exies,Dear Enemy
TRMWMYB128F14993B7,7915536,Hank Jones meets Cheick-Tidiane Seck and The Mandinkas,Walidi Ya
TRMWMAY128F42895B1,10063513,Eddy Arnold,Make the World Go Away
TRMWMRC128F92F64CC,1746421,Amy Winehouse,Fuck Me Pumps
TRMWMTW128F92DFD5F,2499403,Polly Paulusma,Over the Hill
TRMWMAF12903CB601E,5651984,Katrina and the Waves,"River Deep, Mountain High (Unreleased)"
TRMWMCI12903CEF39E,8753255,Reigning Sound,Call Me
TRMWMGP128F4264ED5,2417537,Greg Adams,5 O'Clock Somewhere
TRMWMFL128F4277A9D,7574507,Udo Lindenberg,Wenn du durchhängst
TRMWWOI128E0790132,6726003,Commodores,Come Inside
TRMWWTE128F422AF1B,7372900,All Shall Perish,Promises
TRMWWPO128F426BBD1,3611075,Waking Ashland,October Skies
TRMWWXU128F92D2BAB,8907441,? and the Mysterians,Hangin' on a String
TRMWWLL128F9345681,8692715,Whitney Houston,Like I Never Left (feat. Akon)
TRMWWEO128F933B6EB,2270547,The Tossers,Litigation
TRMWWZA12903D114A8,2896724,Susana Seivane,A Cotula
TRMWWKL128F92FC54C,1449255,Dean Evenson,River of Dreams
TRMWWDP128F427D6BF,2949590,Kieran Goss,Take a Look at My Heart
TRMWWWE128F423EDB6,879211,Gorky's Zygotic Mynci,Cân Megan
TRMWWDP128F423DCE2,5830853,Vana,Gatinha Sabidinha (Wise Little Cat)
TRMWWRD128F92F12D9,2927683,Jack Greene,All The Time
TRMWWFW128F42430B6,8157057,Finn's Motel,Universal Hum
TRMWWBD128F92CA324,7576746,Brooklyn Bounce,Get Ready to Bounce Recall 08
TRMWWWD128F42414B0,6382989,Ottmar Liebert,Sapo (Old Man Nods His Head)
TRMWWET128F93272BE,8711024,Lenny Dee,The Dopest Thing of My Life
TRMWWQC128F1495ABB,3192650,João Gilberto,Sampa
TRMWWEF128F424ACBB,6065622,Andrew ''Jr. Boy'' Jones,I Got a Stick
TRMWWRG128F14B0BFB,732116,Eden's Bridge,Catching the Breeze
TRMWWZD128F9341047,3030934,Ol' Dirty Bastard,Ol' Dirty Bastard (Interlude 1)
TRMWWYR12903CF86C7,6210788,Johan Gielen,Dreamchild
TRMWWZJ128F14612A3,1039942,Burning Spear,Farover
TRMWWXE128F92D2421,7339382,Saving Abel,Drowning (Face Down)
TRMWWLB128F4274633,869558,Peter Tosh,Pick Myself Up
TRMWWEJ128F931BFCB,4396460,Guaco,Pastelero
TRMWWCL128F42944F4,1369636,Wellwater Conspiracy,The Scroll
TRMWWQE128F4295BF0,6110829,The Red Jumpsuit Apparatus,Face Down (acoustic)
TRMWWBZ128F93009E5,7669640,Desorden Público,Gorilón
TRMWWMZ128F14A2FBD,4060714,João Gilberto,O Pato
TRMWWXC128F92FB10F,8368866,Patsy Cline,I've Loved and Lost Again
TRMWWHD128E0787D39,782885,New Order,Sub-culture
TRMWWXS128F92F8B73,5682921,Mischa Daniëls,Run Away
TRMWWLP128F42ADF15,3698341,Kane,Dreamer
TRMWWVO128F9310D93,2557037,Ron Carter & Jim Hall,I'll Remember April
TRMWWBJ128F14A21E8,2331007,Claw Boys Claw,Probably
TRMWWSL128F92E6D25,7162627,Kataklysm,Prevail
TRMWWAE12903CDA09F,2310668,Kite Flying Society,Breathe
TRMWWMF128F426AFDA,1246504,Jean-Louis Murat,Les Hérons
TRMWWVL128F428BC6C,1767168,Hanson,Strong Enough to Break
TRMWWHU12903CADD58,9064936,Cab Calloway,Foo a Little Bally-Hoo
TRMWWFJ128F9325CEE,7637108,Horse Feathers,Curs in the Weeds
TRMWWHN128F426758F,4422661,Atlanta Rhythm Section,Spooky
TRMWWDA128F42853D7,2694401,Mystikal,Hypno
TRMWWKP128F92F98FC,675777,Bruce Dickinson,Taking the Queen
TRMWWQS128F93075F1,2164431,La Rue Kétanou,Sao Loucas
TRMWWST12903CDDFF4,6204391,DNA,Ketama Sunset
TRMWWYV12903CDBC38,6998732,Richard Wagner,Die Walküre: Wotan's Farewell and Magic Fire Music
TRMWWUZ128F423EA77,1145091,Modern English,Life in the Gladhouse
TRMWWAZ128F92EB3B9,7977322,Lemar,Fall Over
TRMWWZT128F42483D4,3102520,Jughead's Revenge,Silver Spoon
TRMWWDK128F426FBF6,1459928,Klaus Badelt,Under Covers
TRMWWOG128F9312B0F,7442072,Wayne Newton,Years
TRMWWEC128F427C404,2281261,Jim Bryson,Mean Streak
TRMWWLP12903D1585F,2990463,João Gilberto,Lobo Bobo
TRMWWTL128F9354CC1,8376147,General Elektriks,Raid the Radio
TRMWWDG128F9328575,4562397,Vince Guaraldi,The Love of a Rose
TRMWWZT128F934252D,9441971,Joachim Garraud,The Answer (Dabruck and Klein remix Extented)
TRMWWAB128F4293447,6185781,Phonique,One Love (feat. Rodney Hunter)
TRMWGSU12903CE5AFC,12248248,Linda Hopkins,My Loving Baby
TRMWGBQ128F4281BED,4906403,The Quartertones,Hands UP
TRMWGCX128F422DFBF,2544466,The Crabb Family,Through The Fire
TRMWGQN128E07895F4,3204059,Doves,Snowden
TRMWGHF128F4238901,584165,The Van Pelt,His Steppe Is My Prarie
TRMWGWX128F92F84A7,7933447,Lou Christie,Lightning Strikes
TRMWGOO128F92D88BD,2756254,Johannes Linstead,Ritmo de Amor
TRMWGOZ128F4276107,2831909,Sam & Dave,Don't Waste That Love
TRMWGYI12903CA5B37,9350631,Mount Kimbie,Taps
TRMWGWP128F93153C1,2481547,Sonny Terry & Brownie McGhee,That's Why I'm Walking
TRMWGNR128F42660B4,5997525,Pierpoljak,Le Touriste à Babylone
TRMWGXY128F92E7CE4,6704699,Kilo,Golden Rule
TRMWGKC128F4262582,592365,Pennywise,Peaceful Day
TRMWGOJ128F9324E33,8513764,Heather Headley,Simply Redeemed
TRMWGCR128F14A6BBF,2382185,Hacienda,Late Lounge Lover
TRMWGKK128F429040C,6063523,Marc Romboy,Body Jack (Tommie Sunshine remix)
TRMWGRB128F92CFFD1,6432916,Bobby Darin,At the Crossroads
TRMWGLL12903CB4A81,3489531,La Costa Brava,Nada más
TRMWGQK12903D01959,736289,The Gathering,Frail (You Might as Well Be Me)
TRMWGQZ128EF3645D5,3307722,Mystery Train,Come on Back to Me
TRMWGSY128F4231DC6,5555086,Seth Lakeman,The Punch Bowl
TRMWGWA128F14A79CE,5463633,Gazpacho,Eleva
TRMWGKC128F92D123E,1088021,O.V. Wright,Since You Left (These Arms of Mine)
TRMWGQY128F42188D2,8347961,Camané,Bicho de conta
TRMWGND128F424FA51,6731182,Lopazz,Play In My House
TRMWGJH128F933FB0B,4440179,The Sim Redmond Band,D-Fumo
TRMWGZQ128F426901B,5502897,Show of Hands,Scratch
TRMWGTN12903CB1367,7506246,Bloody Dead and Sexy,Fingers
TRMWGNE128F4262605,4076667,Yellow #5,Bad Girl
TRMWGWL128F4271786,2929631,Carmen McRae,The Christmas Song (Chestnuts Roasting on an Open Fire)
TRMWGSE12903CE9271,6417023,Love Unlimited Orchestra,Freeway Flyer
TRMWGMH128F92CFB22,2323627,Alceu Valença,Rouge Carmin
TRMWGID128F9313B8D,6754713,Working for a Nuclear Free City,Heaven Kissing Hill
TRMWGIH128F92D734F,12428574,Carrie Newcomer,Sounds of the Morning
TRMWGZQ128F4223DB2,5543985,Grayson Capps,Cry Me One Tear
TRMWGCP128F145841D,9342867,Maxi Priest,Wild World
TRMWGJR128F42B0CE8,5151299,Samuele Bersani,Una delirante poesia
TRMWGKM12903CCE78B,3987319,Michael Jackson,Happy (Love Theme From 'Lady Sings the Blues')
TRMWGLI128F4246F58,5477340,Marco Ferradini,Autobus
TRMWGYG128F423F37E,1917128,Richard Thompson,The Dune Ship
TRMWGZR128F14ACCC6,8540421,Cliff Eidelman,No More Seances
TRMWGRM128F9328AE1,2849227,The Arrogant Sons of Bitches,Meatheads Attack Spencer at 9
TRMWGSZ128F14ADEA4,2697495,Charlie Peacock,Monkeys at the Zoo
TRMWGKL128F426D8A1,5572172,Septembre,(Face)
TRMWGUT128F92E85B6,1744410,Eric Idle,The Randi
TRMWHOA128F934C3C2,8098148,Cannibal Corpse,Evidence in the Furnace
TRMWHTT128F92ED81D,8901817,Andrew Weatherall,Stalker
TRMWHYO128F9314AB7,6029636,Dolorean,Beachcomber Blues
TRMWHTC128F147C57D,4162403,Sean Paul,We Be Burnin'
TRMWHCX128F4255527,8079528,Wilson Pickett,"Call My Name, I'll Be There"
TRMWHCF128F423EA0D,1119422,The Charlatans,Floor Nine
TRMWHEF128F149DB52,2601936,The Statler Brothers,We Got Paid by Cash
TRMWHRI128F147EA8E,9460701,The Fevers,Orgulho Não Leva a Nada
TRMWHNF12903CA7209,6398968,Pillar,Let It Out
TRMWHBZ12903CC9B29,9705366,Dum Dum Girls,Baby Don't Go
TRMWHAJ128F92D03DA,5531921,Julie Collings,All Else
TRMWHOF12903CCCB02,4538060,Ola Magnell,Änglar finns
TRMWHRP128E078BE6F,7577225,The Aqua Velvets,Nomad
TRMWHZI12903CED789,4159580,Robert Owens,Never Too Late (Essence vocal mix)
TRMWHZB12903CCA3C4,4004034,The Newtown Neurotics,Agony
TRMWHMY128F9330215,2692552,Airiel,Swimming Through Us
TRMWHIN128F92F4773,3563461,Raymond Lefebvre,Le gendarme de Saint-Tropez : Douliou-douliou Saint-Tropez
TRMWHAA128F93078B2,7936398,caUSE co-MOTION!,I Lie Awake
TRMWHKQ12903D0FA74,9339868,Dag för Dag,Animal
TRMWHTI128F93425AF,1410794,Ricardo Arjona,Libre
TRMWHDT128F423F81E,5749972,Sippie Wallace,"Mama's Gone, Goodbye"
TRMWHSI128F4262693,6585800,Suicidal Tendencies,Alone
TRMWHVH128F930B8B9,1947614,Hank Marvin,Twelfth of Never
TRMWHZV128F148C5B9,795811,Tracy Bonham,Sharks Can't Sleep
TRMWHIU128F9324B3A,1150020,Grandaddy,Why Took Your Advice
TRMWHGC128F1454058,1680139,Bobcat Goldthwait,Beaten by the Police
TRMWHXK128F426A11C,831432,Erik Truffaz,Saisir
TRMWHGU12903D0376A,3435253,Strapping Young Lad,Possessions
TRMWHKL128F92CF4A7,3185388,Even as We Speak,Getting Faster
TRMWHVQ128F9333232,8845635,Gorgeous X,Wonderful Life (feat. Julia Falke)
TRMWHIV12903C9858B,6215839,GIGI,Jatuh Padamu
TRMWHSG12903CDC3FB,1524335,Queensrÿche,The Art of Life
TRMWHDU128F934B2FC,597629,Armored Saint,Tainted Past
TRMWHUF128F92F9C18,4256838,StoneBridge,Put 'Em High (album version) (feat. Therese)
TRMWHIZ128F93230A9,789409,Willie Wisely,Ready to Wear
TRMWHVT128F428A897,808323,Tricky,A Song for Yukiko
TRMWHPL128F14968B5,1356872,Alpinestars,Smash It Up
TRMWHMG128F92C6450,1925290,Ultravox,The Thin Wall
TRMWHGX128F428322E,8742122,Aeroplane,Borders
TRMWHWX128F92FBD79,3519587,Silent Stream of Godless Elegy,Look
TRMWHUT128F9356041,4953064,Ella Mae Morse,Rip Van Winkle
TRMWHRM128F426333D,2373480,Laura Nyro,When I Was a Freeport and You Were the Main Drag
TRMWHHS128F1466463,1252262,Lords of the Underground,From Da Bricks
TRMWHVX128F92FBA3A,596890,Harmonizing Four,Motherless Child
TRMWHBO128F930E757,8509772,Volsoc,Here Come Volsoc
TRMWHTX12903CA3890,7593083,Jessica Lea Mayfield,Greater Heights
TRMWHGM128F9341D87,3402151,Argent,Thunder and Lightning
TRMWHRY12903CD2632,7400574,D.A.R.,Los Celos De Mi Compay
TRMWHWP128F148AE14,2698964,Dave Hollister,Almost
TRMWCSS128F147BCA3,1316290,My Life With the Thrill Kill Kult,Eight of Space (Dreamers mix)
TRMWCZZ128F92F22FD,5578502,El Indio Gitano,Cuando Paso Por Tu Puerta (Bulerias)
TRMWCVD128F146963B,1255269,Julian Lennon,Let Me Be
TRMWCTY128F4275DED,10233781,Kid Rock,So Hott (amended album version)
TRMWCVM12903D04009,5218989,Tim O'Brien,"Flora, The Lily Of The West"
TRMWCQG128F92F72EB,3260211,QPE,NOT
TRMWCAZ128F930CC14,633090,Chuck Loeb,Breathe Again
TRMWCXP128F42A9CBC,12735034,The El Dorados,My Lovin' Baby
TRMWCZX12903CF99BA,7402817,The Alternate Routes,Ordinary
TRMWCUN12903CB21BE,9742601,Kids in Glass Houses,Matters at All
TRMWCXF12903CFF8F9,1010190,Woody Guthrie,The Biggest Thing Man Has Ever Done
TRMWCIG12903CE3968,8814826,Volcano Choir,Youlogy
TRMWCNG128F934B535,6653907,Primordial,The Golden Spiral
TRMWCUQ12903CA77FE,1150746,The Jeff Beck Group,Jailhouse Rock
TRMWCRT128F9334667,6115677,Charlie Brown Gets a Valentine,Idle
TRMWCRA128F4275986,2490989,The Ordinary Boys,The List Goes On
TRMWCNV12903CC3B43,1509271,Death Cab for Cutie,405 (acoustic)
TRMWCHZ128F428EAA7,1065250,Haircut One Hundred,Surprise Me Again
TRMWCPC128F93153D2,2325788,Sonny Terry & Brownie McGhee,Blues All Around My Head
TRMWCYL128F9309E3E,5183456,Hala Strana,Hell Birds
TRMWCYI128F424EF88,3111670,Dash Rip Rock,Rich Little Bitch
TRMWCGZ128F422BC42,1331302,Elisa,Tic Tac
TRMWCCW128F9317072,7667737,Juana Molina,Un día
TRMWCCG128F9337B02,939307,I-F,Holographic Voice (feat. Nancy Fortune)
TRMWCZM12903CE10CD,2352930,The Country Gentlemen,I Ain't Gonna Work Tomorrow
TRMWCRJ128F932B26F,3896642,Kristine W,The Wonder of It All
TRMWCEE128F426D0AE,2173830,The Magnetic Fields,I Thought You Were My Boyfriend
TRMWCQK128F1478638,846563,Ultravox,Quiet Men
TRMWCMF128F92FE59F,8414943,Conor Oberst and the Mystic Valley Band,Air Mattress
TRMWCZM12903CAEBF6,9511087,Dark Fortress,Osiris
TRMWCQV128E078D17A,2426356,Billy Cobham,Snoopy's Search
TRMWCRL128F428AE2C,2867928,Nasum,Circle of Defeat
TRMWCKF128F148D40F,685734,Slick Rick,Mona Lisa
TRMWCIB128F92FDD33,1036350,Johnny and The Hurricanes,Red River Rock
TRMWCWE128F92E5B7E,6612603,Letzte Instanz,Unerreicht
TRMWCRZ128F425D59A,2402535,Catupecu Machu,Gritarle al viento
TRMWCEZ128F4246D7B,2338988,Kayah,Na językach
TRMWCLQ12903CFBDC4,8575999,J Dilla,"10,000 Watts"
TRMWCQO128F9312E5F,5061592,Sciflyer,Never Come Down
TRMWCWM128F92E003A,6612608,Letzte Instanz,Für immer und ewig
TRMWCNV128F92D9E74,3728425,Vibronics,Dub Herbs
TRMWCCD128F4243B2F,8580147,Harry Choates,Lawtell Waltz
TRMWCLF128F93128B7,2366911,Askil Holm,Animate
TRMWCIL12903CE76B0,9013549,Clap Your Hands Say Yeah,Blue Turning Grey
TRMWREG128F92F6D10,2484388,MC5,Borderline
TRMWRAU128F933C536,2863100,Didier Lockwood,Les Valseuses
TRMWRTU128E0794B2E,1375131,Gang of Four,In the Ditch
TRMWRUV128F93332DB,6475438,Marc Romboy vs. Stephan Bodzin,Ferdinand
TRMWRWB12903CDCEEA,5508814,Call To Preserve,Hold Fast
TRMWRAE128F4296C35,9437510,Banda pequeños musical,Las piedras rodantes
TRMWRPG12903CFB14D,4669520,Bernie Worrell,Afrofuturism (Phazed One)
TRMWRKP128F42895DE,1453249,Miguel Mateos - ZAS,Bull Dog
TRMWRLQ128F92F0C81,968795,Grupo Niche,La Gallinita de los Huevos de Oro
TRMWRMN12903CC24F3,5166443,This Is Hell,Prelude (Again)
TRMWRHR128E078503C,3323370,Toby Lightman,The River
TRMWRNT12903CC901C,2784721,Steve Roach,Snow Canon
TRMWRJF12903CE6531,7937497,Jean-Michel Rotin,Ella
TRMWRCZ128F423BBEC,7424720,The Space Brothers,Shine 2000 (Space Brothers 2000 radio edit)
TRMWRGF128F931D9E7,7956715,Carbon/Silicon,The News
TRMWRTF12903CE4ADB,7417246,Aretha Franklin,What a Friend We Have in Jesus
TRMWRXS128F425AA46,1838871,Marti Jones,Innocent Kiss
TRMWRJM128F427611C,4834176,Schweisser,Trotzdem
TRMWRMQ128F93454FF,8907439,? and the Mysterians,I'll Be Back
TRMWRVI128F428AD7A,8293041,Chet Atkins & Doc Watson,On My Way to Canaan's Land
TRMWRYF128F932B88C,1509049,Sandra,Sisters and Brothers
TRMWRZO12903CAE83A,836314,Portishead,Wandering Star
TRMWRXS12903CEDD8F,9113360,Rotting Christ,Sorrowful Farewell
TRMWRSL12903D0195E,736293,The Gathering,Liberty Bell
TRMWRLI128F9312988,3259005,It's a Beautiful Day,It Comes Right Down to You
TRMWROA128F426ED16,5419214,Starving,Cool
TRMWREZ12903C9E62F,1005942,Iggy Pop,Fuckin' Alone
TRMWRCD128F9313D27,1971365,Southern Culture on the Skids,Where Is the Moon
TRMWRCC128F4286883,1103115,The Mamas & the Papas,People Like Us
TRMWRWZ128F428FB08,1369246,The Louvin Brothers,The First One to Love You
TRMWRNO128EF357136,6124143,Nevada Tan,So wie du
TRMWREY128F427FCAD,1106028,Ian Van Dahl,Castles in the Sky
TRMWREJ12903CE7606,9274434,Meaghan Smith,Heartbroken
TRMWRDZ12903CE66E3,1674708,The Manhattan Transfer,Scotch and Soda
TRMWRMA12903CB66B0,8542229,Black Debbath,La Ungene Slippe Korps
TRMWRGY128F932C295,13347404,Kassav',Sa ki la pouw...
TRMWRKZ12903CBDF67,9659490,Four Year Strong,Paul Revere's Midnight Ride
TRMWRCF128E0782378,3318425,Everything but the Girl,Five Fathoms (DJ Sneak Sneak-A-Dub mix)
TRMWBOA128F4285BD9,12795298,Edith Márquez,Pero Me Acuerdo De Ti
TRMWBMV128F4277811,6680163,Aisha Duo,Despertar
TRMWBNV128E07895BA,1729634,Malevolent Creation,Monster
TRMWBOH128F9300AB8,2059501,Thrice,Cold Cash and Colder Hearts
TRMWBXV12903CB1C25,561405,Sir Harry Lauder,I Love a Lassie
TRMWBCC128E0789E6A,5411014,Cultus Sanguine,Silent Tunes of Falling Blood
TRMWBLU128F425EA73,8113351,The Emperor Machine,Slap On
TRMWBYN128F4263D24,3936362,Udo Lindenberg,Panik-Panther
TRMWBCA128F14B0CDE,4299999,Smokie Norful,It's All About You
TRMWBBZ128F9345DBB,1017108,Rise Against,Stained Glass and Marble
TRMWBFI128F421BAE3,7112415,DAY26,Co Star
TRMWBHY128F9332263,4525511,Augie Meyers,Deep in the Heart of Texas
TRMWBOP128F930B075,6297225,1090 Club,Some Equals One
TRMWBOL128F93095BE,7849197,Bruce Haack,Electric to Me Turn (alternate version)
TRMWBKX128F1451A74,4932040,Faker,Hurricane (radio remix)
TRMWBKJ128E0794A2D,9730162,Duran Duran,The Chauffeur
TRMWBPS128F92EF545,5132823,Atomic Swing,Dreamer's Battlefield
TRMWBIW128F422DAD5,5351393,DoF,Last Night Static
TRMWBXV128F4292C95,7889939,Apostle of Hustle,El Encuentro
TRMWBJC12903CCFFEC,10225872,Ann Nesby,I Apologize
TRMWBWT12903C9C028,9181438,The Orange Peels,The Great Outdoors
TRMWBIA12903CAF4F1,3762583,Thinking Plague,Etude for Combo
TRMWBQH12903C9B67F,5816259,Patti Austin & James Ingram,How Do You Keep the Music Playing
TRMWBXN128F92EE4AE,1100325,Herbert Grönemeyer,Alkohol
TRMWBRQ128F149156F,1966361,Ben Harper,When It's Good
TRMWBTT128F92D21B4,3041022,Ryoji Ikeda,op. 1 (for 9 strings): I
TRMWBIQ128F426AF8C,1365367,Inspectah Deck,Movas & Shakers
TRMWBBE128F429AFA2,1351574,Glasseater,Polar Opposites
TRMWBVU12903CA893D,5648746,Whiskey Daredevils,Lid Of Bluegrass
TRMWBAH128F42952B8,2180710,Laurent Voulzy,La fille d'avril
TRMWBTY128F148AA15,5753638,Javier Navarrete,A Tale
TRMWBME128F4286B09,7273956,Mechanical Bride,See Worlds
TRMWBID128F4228D34,3129333,Beny Moré,Las mujeres de my tierra
TRMWBNX128F14970C9,9986747,Judy Henske,God Bless the Child
TRMWBDI128F9303A50,4201097,Regenerator,Death (Neon Cage Experiment mix)
TRMWBKO128F4262C88,2813188,Frank Martiniq,Triebwärts
TRMWBLU128F423423C,5447567,Strike Anywhere,Prisoner Echoes
TRMWBBX128F930100E,7079676,Jody Reynolds,Endless Sleep
TRMWBGN12903CAFF8D,9532369,Alec K. Redfearn and the Eyesores,The Bible Lite
TRMWBLH128F148AC16,6147913,Rockin' Horse,Stayed Out Late Last Night
TRMWBIQ128F9336DE3,7718556,The Asteroid No. 4,To Be In Your eyes
TRMWBDL12903CB141E,6558893,Astrovamps,Die Baby Die
TRMWBVY128F14587E4,3318466,Japan,Methods of Dance
TRMWBZJ128F92D37E1,9213216,Silvain Vanot,Trop tôt
TRMWBIJ128F14970E4,2485855,Keith Carradine,Mr. Blue
TRMWBSU128F92F9CE7,3311843,Doc Watson,Love Is a Lonely Street
TRMWBLQ128F427E918,7422615,Toby Tobias,Breakdown
TRMWBRA128F4246C33,4016799,Ill Niño,This Is War
TRMWBNK12903CDDF64,5633094,Blackfield,Hello
TRMWBOM12903D04284,5115694,Fabrizio Faniello,I Do (Malta)
TRMWBBQ128F934F6E9,3271366,Brenda Lee,Some of These Days
TRMWBCG128F9331310,1195881,Bobby Byrd,"I Need Help (I Can't Do It Alone), Parts 1 & 2"
TRMWBBI128F42787D2,4715081,Cab Drivers,Open Air
TRMWBCC128F9328464,992222,Bill Evans Trio,Some Other Time
TRMWFRL128F9319889,7535382,King Geedorah,Next Levels
TRMWFBU128F14933ED,5828070,Nortec Collective,Babel
TRMWFVH128F14A06D9,6288330,Oscar Pettiford,All the Things You Are
TRMWFKH128EF3437B4,5454740,The Rapture,First Gear
TRMWFLQ128F92EEBEB,6363416,Friday Bridge,The End of the Affair
TRMWFXT12903D00143,9695084,Adriana Evans,Sooner or Later
TRMWFYR128F4264F3B,682843,Joan Jett and the Blackhearts,Back It Up
TRMWFKL128F9355C3D,4169544,SynSUN,Vampiria
TRMWFKG128F934D677,8748049,Nickodemus,Didibina
TRMWFKC128F427C38A,3362918,Jamie O'Neal,When Did You Know
TRMWFRZ128F42690A3,1149404,Aerosmith,Joanie's Butterfly
TRMWFKW128F92EC300,5349777,George Jones,Accidentally on Purpose
TRMWFUB128F423BB6B,678769,Rosana,Descubriendote
TRMWFCI128F4266AF7,4654551,Steve Tyrell,The Christmas Song
TRMWFDM128F92EB70C,1124849,Edguy,The Kingdom
TRMWFBD128F42704BE,936652,The (International) Noise Conspiracy,I Swear If You Do
TRMWFHT128F42584D5,5375019,Audion,Just a Man (Ellen Allien version)
TRMWFRY128F92E66BA,2480385,Weepers Circus,Adieu la piste
TRMWFPK128F42766A3,3604460,Bonnie Tyler,It's a Heartache
TRMWFBJ128F92F8CF0,1349386,David Lanz,Vesuvius
TRMWFEG128F422B274,4156419,Painbastard,Common Wealth
TRMWFFT128F429D131,6477159,The Box Tops,Lost
TRMWFVA128F4294FF8,3802561,Giorgia,Strano il mio destino
TRMWFFD12903CE86BB,4494816,Ester Drang,White Lies
TRMWFYE12903CA079C,8706611,Cornershop,Judy Sucks a Lemon for Breakfast
TRMWFMZ128EF34DE35,4424382,Head East,Sands of Time
TRMWFEG12903CE5893,657775,Prana,Boundless
TRMWFMD128F149BCD7,633694,Lucky Dube,Together As One
TRMWFCY12903CB60CF,3124414,Der Plan,Denn alles war nur ein Trick
TRMWFCA128F425EB8C,6774810,Mudvayne,King of Pain
TRMWFVZ12903CA6109,11154746,Ludov,Mecanismo
TRMWFDS128F42AFEF2,6728423,Shadowfax,Road to Hanna
TRMWFVH128F933C106,9683439,Brandon Heath,The Night Before Christmas
TRMWFNI12903CA8DEF,3247190,Lawrence Welk,Three O'Clock in the Morning
TRMWFPV128F42A9747,4268675,Trijntje Oosterhuis,See You as I Do
TRMWFGX12903CA734A,2912767,Richie Rich,Straight Mail (feat. B-Legit)
TRMWFDF128F934C76E,7774933,Desmond Dekker & The Aces,It Mek
TRMWFZV12903CAA61A,6874452,Chixdiggit!,Shadowy Bangers From a Shadowy Duplex
TRMWFNQ128F1477C17,6940013,Allen Toussaint,Optimism Blues
TRMWFEV12903CEDC6A,630085,Brian Keane,Sail Away Ladies
TRMWFJK128F92F9EE1,5231620,Epic Soundtracks,Roll the Stone
TRMWFIO128F930F30F,5647974,Transbeauce,Utc
TRMWFIN128F42303D5,1982488,Ismo Alanko,Kun rakkaus on rikki
TRMWQAS128F42201D8,7961760,Agent Alvin,On the Rise (Vocals by Spikey Tee)
TRMWQWJ128F425A43C,738802,Annie Lennox,Why
TRMWQCW128F424881F,2133276,Ismo Alanko Säätiö,Maailmanparantaja
TRMWQCG128F9309002,629700,Tshala Muana,Nasi-Nabali
TRMWQEK128F4230686,7653988,Queen Latifah,"Big, Blonde and Beautiful"
TRMWQPQ128F92EFD97,7950430,Dead or American,Plastic Fruit For a Starving Nation
TRMWQWR128F426025E,686631,Ozzy Osbourne,I Don't Know
TRMWQYE128F92F9361,8253812,Grave Digger,My Blood Will Live Forever
TRMWQMR128F9305D67,8465916,Martin Stenmarck,Som en sten
TRMWQRG128F148696B,5494036,Saosin,Sleepers
TRMWQNC128F42A680F,4032857,Diego el Cigala,Cadencia inesperada
TRMWQFO128F42824B0,4065816,The Raveonettes,Somewhere in Texas
TRMWQYD128F426639B,632526,Alvin Youngblood Hart,Pony Blues
TRMWQVK128F1495FAB,2297222,Hellbillies,Gamle Bry'n
TRMWQRB128F92CCD72,7616485,Steve Lawrence,Party Doll
TRMWQUX12903CD7496,2297592,Electric Universe,From the Heart
TRMWQIK128F9304711,6568613,Nucleus Roots,Educate to Emancipate
TRMWQVF128F4255654,1203746,Jon Anderson,Heart of the Matter
TRMWQJO12903CEEF0B,6951744,Trilogy,Not Love
TRMWQUC128F92E592A,7907815,Anggun,Plus forte (feat. Big Ali)
TRMWQWU128F149E76B,4380334,Dionne Warwick,Don't Burn the Bridge
TRMWQBZ12903CC6AEF,9506769,Hixxy & Technikore,Re-Loaded
TRMWQYG128F427AE95,12343881,Los Patita De Perro,Ponpín
TRMWQSU128F148E235,7871726,Jo-El Sonnier,Jolie Fille
TRMWQAN128F426BC2E,676615,Jean-Louis Aubert,Tel est l'amour
TRMWQKM128F4222E2D,8718779,The Bobby Fuller Four,I Fought the Law
TRMWQLP128F42366BB,9669437,Corenell,Keep on Jumping
TRMWQDD128F426505B,2136380,David Poe,Wear Your Best
TRMWQPE128F425B977,1302605,Rondellus,Post murum somnii (Behind the Wall of Sleep)
TRMWQJN128F92F3BD5,7087464,DJ Ogi,Adriatic
TRMWQCJ128F42430A8,7923699,Cuba Club,I'm Only Shooting Love
TRMWQDD12903CB4157,5839447,220 Volt,Prisoner of War
TRMWQUE128F4272D28,6380198,Marvin Hamlisch,I Could Get You in JJ (reprise)
TRMWQNL128F4270732,1062588,The Chambers Brothers,All Strung Out Over You
TRMWQEH12903CFB38B,7566261,La Barranca,Tal vez ni Dios
TRMWQGB128F4262BE4,4658091,Frank Martiniq,Daddy-Longlegs
TRMWQCV128F92F7272,5027025,QPE,Uptown
TRMWQCQ128F4266995,1683313,Colin James,Leading Me On
TRMWQXY128F42761EE,1028322,The Reunion Show,Too Much
TRMWQGD128F934262F,906750,Nappy Roots,My Ride
TRMWQCK128F427D389,4199371,Kasia Kowalska,Zbyt mało wiesz
TRMWZCN128F9306FE1,715019,Plaid,Headspin
TRMWZHE128F4292290,1049570,Flowing Tears,Merlin
TRMWZMT12903CF3126,7609723,Rafa Pons,Hotel y domicilio
TRMWZWP12903D0D950,2803577,Children on Stun,Style Police
TRMWZTZ12903CE3525,2533622,Simon Bonney,Blue Eyes Crying in the Rain
TRMWZVX12903CE4EE3,1820437,The Troggs,Wild Thing
TRMWZOG128F145F9EF,1068950,Disturbing Tha Peace,Big Chain Records (skit)
TRMWZEG128F14739C3,1089174,Tom Verlaine,Kingdom Come
TRMWZPY128F934708A,4220387,Víctor García,Loco Por Ti
TRMWZSW128F92FB65E,8024602,The Derailers,Sam's Place
TRMWZCI128F933097B,1172759,Aphrodite,Interlude - London Massive
TRMWZFY128F930819D,6033962,Eldar,What Is This Thing Called Love
TRMWZBV128F4280DA9,4795677,William Lee Ellis,Honey Take Your Time
TRMWZVF128F933BAB1,5567781,Soklak,14h00 du mat'
TRMWZVZ128F4267A3D,3676083,Dirty Wormz,Turn It Up
TRMWZIL12903CE7797,2999791,Jane Siberry,The Lobby
TRMWZDX128F427F1B7,7134567,The Orchids,Prayers to St. Jude
TRMWZUQ128F934B40C,3484217,Fragments of Unbecoming,Lour Pulse
TRMWZNP128F931E7B8,7176520,Taylor Deupree,Shell Shell Bye
TRMWZSP12903CC964A,1364026,Melissa Ferrick,Wonder Why
TRMWZTP12903D07630,8500101,So Many Dynamos,New Bones
TRMWZZA128F92C2C6A,2999748,Tramaine Hawkins,Lord I Try
TRMWZUE128F424F9F7,9077564,The Monas,Perdón
TRMWZLS128F42503CA,7792442,will.i.am,She's a Star
TRMWZZR128F42AE75E,4916147,Joe Satriani,Theme for a Strange World
TRMWZBJ128F423232A,891469,Avain,Farrah Muhammed (skit)
TRMWZKT128F92EAFC1,8560363,Building 429,Not Gonna Let You Down
TRMWZTA128F1496046,2359478,M-Clan,Chilaba y cachimba
TRMWZAW128F4253749,5224827,Hypocrisy,Deathrow (No Regrets)
TRMWZKO128F93385AC,3706342,Royal Gigolos,Happy Song
TRMWZHF128F9358562,8534640,Hank Snow,Your Little Band of Gold
TRMWZRM128F92E50C9,937772,Saxon,[intro]
TRMWZQP128F9304C94,6415807,Luiz Melodia,Papelão
TRMWZWM128F92E8341,887872,Laura Cantrell,Queen of the Coast
TRMWZVR128F92E4AB0,9980518,Christophe Beck,Auditions
TRMWZJM128F42255A1,5620731,Bart Peeters,Pinguin op Antartica
TRMWZXH128F930691C,3258994,It's a Beautiful Day,Girl With No Eyes
TRMWZXM128F42394BC,7596930,Inner City Unit,Cars Eat With Auto Face
TRMWZVF128F92FE4F9,7757324,Kites,Hallucination Guillotine
TRMWZUY12903CAED6E,8848939,Boys Noize,Transmission
TRMWZLO128F42A499B,4301966,Cómplices,Seras mi complice
TRMWIVU128F92D64C8,6091922,Maurice John Vaughn,In the Midnight Hour
TRMWIUV128F92F1D34,8012100,Larsen,Halt
TRMWIZU128F4241C50,5611906,"Tacks, the Boy Disaster",Paris
TRMWIQH128F42807B5,2977356,King Missile,Martin Scorsese (LP Version)
TRMWIEG128F427583A,3843732,Betzefer,Split
TRMWIVR128F422B8FE,3450925,Reel People,The Rain (RP Club Mix) (feat. Sharlene Hector)
TRMWILG128F92F7CD0,10114347,DJ Atmospherik,Hope
TRMWIHW128F42811DE,7644569,Bon Voyage,"Wake Up, Make Up"
TRMWIFV128F92E49C8,1575079,Constance Demby,Chambers of the Heart
TRMWIRO128F92E08BD,1436978,The Meteors,In the Cards
TRMWIQI128EF340C89,9896254,Elektrochemie,Calling You
TRMWIEI128F931F3E6,2196578,Little Tony,Cuore Matto
TRMWIVF128F92FBAE0,2664285,Elf Power,Unforced Peace
TRMWIZB128F9355024,959953,Captain Jack,The Final Countdown (Uuh Baby mix)
TRMWIIV128F92CEF79,936798,Al Di Meola,Short Tales of the Black Forest
TRMWIYC128F92FD106,7363474,John Mayer,I Don't Trust Myself (With Loving You)
TRMWIGC128F934A6F1,5656051,"Arthur ""Big Boy"" Crudup",Keep Your Arms Around Me
TRMWICL128F42A9045,9896284,Paul Ritch,June
TRMWIDW12903CB4FFB,821688,The Mermen,Emmylou Rides Clarence West and Then South
TRMWIGQ128F424B642,5956536,Chango Spasiuk,Improvisación a la Virgen de Hoshiuv
TRMWILB128F42AE9B2,4703775,Fonky Family,Le quartier
TRMWIQY128F146C176,9964909,Roberto Silva,Morena boca de ouro
TRMWIQN128EF3442DD,5045529,Antônio Carlos Jobim,Agua De Beber (LP version)
TRMWIVM128F429269D,4606660,Peter Brötzmann Octet,Machine Gun
TRMWICB12903CFF692,9907918,A Made Up Sound,Rework
TRMWIVX12903D04AD5,6107642,Paul Wall,Break 'em Off (feat. Lil' Keke)
TRMWIBG12903D07214,725223,Mike Stern,With a Twist
TRMWILC128F42667CD,7133397,Radio Slave,Bell Clap Dance
TRMWIWO12903CB48F3,9845710,War of Ages,The Fallen
TRMWIKV128F424BD25,1630363,MU330,Since the Short-long's Gone
TRMWIZT128F9312AF9,3506672,Jean-Jacques Milteau,Home Is Where the Hatred Is (feat. Gil Scott-Heron)
TRMWIJQ128F92F1E44,1247017,Condemned 84,Remember This
TRMWIQK128F933B76B,9488475,Daryl Hall,Love Revelation
TRMWIVS128F930F4E5,4455276,5th Ward Boyz,Death is Calling
TRMWIXC128F424ECBE,7093090,Tristan Prettyman,California Girl
TRMWIWJ128F424E924,5168553,Archive,Veins
TRMWIDY128F14A0C20,3043808,Rauschfaktor,Werde Ich Träumen?
TRMWILR128F426F5DF,12545724,Siriusmo,Girlsrock
TRMWIFU128F425945C,5501775,Martin Carthy & Dave Swarbrick,The Bonny Black Hare
TRMWIBD12903CD7588,4009474,Kluster vs. Dark Nebula,Round and Round
TRMWIZG128F1492851,6152325,The Shadows of Knight,The Behemoth
TRMWIVG128F932A372,9177435,Arthur Gunter,Baby Let's Play House
TRMWIPV12903CB0428,5881442,Jake Shimabukuro,Heartbeat/Dragon
TRMWIBR128F428EE8D,3626543,Steve Miller Band,Don't Let Nobody Turn You Around
TRMWIUS128F425BDEB,7663445,Heidi Talbot,Parting Song
TRMWIDV128F92E3E03,8467809,Beck,Outcome
TRMWIKC128F9302A10,7256676,mc chris,Falynn
TRMWIFN128F42A6663,3311226,Aiden,Pledge Resistance
TRMWIER12903CB5054,2129792,Madvillain,Rainbows
TRMWIYV128F92CC668,7954126,City and Colour,The Girl
TRMWIMN128F934F65D,3758104,Bruce BecVar,The Play of Life
TRMWAPM128F145435A,1174016,King Tubby and Soul Syndicate,Leaving Babylon Dub
TRMWAYX128F93221A4,4184021,Ivana Santilli,Dancin'
TRMWAZJ128F4259CCC,3794094,The Clash,Up in Heaven (Not Only Here)
TRMWAAH128F93562BE,8634543,Fukkk Offf,I Give You Bass
TRMWAYY128F9330522,8171972,Monkey Business,Wedding Song
TRMWARR128F1451D78,2199018,The Bloodthirsty Lovers,Hardcore
TRMWAJB128F934125A,2744365,Chris Connor,A Good Man Is a Seldom Thing
TRMWAOD128F92F0C32,6612555,Dick Haymes,I Wish I Knew
TRMWAQR128F146C79C,4928267,Orson,Jessie
TRMWASE12903D0D174,9839992,Susana Seivane,Pasodoble de San Roque
TRMWAQP128F92D5D1A,1103985,The House of Love,Beatles and the Stones
TRMWAMP128F932109D,8259350,Camille Saint-Saëns,"Symphonie No.3 en ut mineur 'Avec orgue', Op. 78 - i. Adagio-Allegro"
TRMWAET128F42418CF,2277806,A Jealousy Issue,Psychology of Optional Experience
TRMWADO128F148FAB5,3600412,The Divine Comedy,Timestretched
TRMWAEI12903CECEAA,956256,Karan Casey,You Brought Me Up
TRMWAUP12903CF1563,9395124,Roj Stevens,Attainment of the Final Key
TRMWAJV128F9330D0F,1269882,Fettes Brot,Rock Mic's (remix)
TRMWAWM128F92DED7D,7624251,Tahiti 80,Unpredictable
TRMWANG12903CA9CD7,8927084,Major Lazer,Keep It Goin' Louder (feat. Nina Sky & Ricky Blaze)
TRMWABI128F4223057,1164405,Adam Schmitt,More of the Same
TRMWAOJ128F92E717F,7341588,Bubble Puppy,I've Got to Reach You
TRMWAHN128E078C5B4,7583060,Yölintu,Tää on rankkaa
TRMWAYQ128F14A9142,1313650,The Roches,Hammond Song
TRMWASH128F4268A6A,2583849,Denez Prigent,Gwerz Kiev
TRMWAJM128F9303EB0,7114348,Ihsahn,Misanthrope
TRMWATN12903CB6550,3002180,Der Plan,San José Car Muzak
TRMWALE128F42A47EB,6533961,Ana Belén,Qué malo eres
TRMWAFV128F1467D26,1474229,Alain Souchon,Dandy
TRMWAXK128F4230CE0,1570013,Damon & Naomi,The Mirror Phase
TRMWABD128F425FC39,2447728,New York Dolls,Don't Start Me Talking
TRMWANO12903CB5739,6955524,Cameo,Intro (Live)
TRMWARJ12903CCCEC0,9693066,Joe Maphis,Guitar Rock 'n' Roll
TRMWAAY128E0784B27,3979197,The Benjamin Gate,Lift Me Up
TRMWAMV128F1470447,4273637,Suicide,Dominic Christ
TRMWNXE128F92D1565,2602300,Al Green,Where Love Rules
TRMWNIU128F425FA11,8462835,Jacques Dutronc,J'comprends pas
TRMWNHK128F423AB31,4228817,Thirsty Merc,Like Snow
TRMWNZN12903D04564,1146091,Nesian Mystik,A Brief Reflection
TRMWNHM128F92E3852,9985442,'Cripple' Clarence Lofton & 'Red' Nelson,Streamline Train
TRMWNQF128F4280648,3932306,David Johansen,Kickin' the Gong Aroung
TRMWNYQ12903CFFA63,1385659,The Flower Kings,Solitary Shell
TRMWNNF128F422C165,764749,John Michael Talbot,Be Not Afraid
TRMWNVL128F428B4E9,4940424,Joan Manuel Serrat,El cigarrito
TRMWNFA128F4287C6C,11279129,Juliette Gréco,Fleur d'orange
TRMWNLH12903CE0B77,12362633,Peggy Lee,I Only Have Eyes for You
TRMWNJY12903CB679F,12232062,Joe Crepúsculo,Noche eterna
TRMWNLK12903D00F03,9436992,Miley Cyrus,Obsessed
TRMWNOY128F1492234,1533480,Zhané,For a Reason
TRMWNXN128F4280063,6586618,Korn,Break Some Off
TRMWNHJ128F423481B,6345644,Conjunto Primavera,La flor de mis primeros años
TRMWNBI128F933D265,573306,Jerry's Kids,Build Me A Bomb
TRMWNTT128F93264EE,2758936,Wrangler Brutes,Shit Search
TRMWNPC12903CB1B36,6523177,Jeremy Fisher,Scar That Never Heals
TRMWNRZ128F9300BC7,8950983,Hilary Stagg,Forever
TRMWNVK12903CF9F27,2006888,Damien Dempsey,Apple of My Eye
TRMWNAE128F423126E,7321657,Roger Cicero,König von Deutschland (live)
TRMWNVK12903CC39AA,8345683,Mario Lanza,Silent Night
TRMWNHM128F9335CA2,4549991,Man Man,Van Helsing Boombox
TRMWNSM128F426456E,709383,Billy Gilman,I Wanna Get to Ya
TRMWNQH128F4257371,7876231,Above the Golden State,The Haunting
TRMWNOO128F9309A56,8204364,The Killers,Smile Like You Mean It
TRMWNLM128F423B285,6385578,Lendakaris Muertos,El último txakurra
TRMWNNM128F42985FD,3984996,Tom Robinson Band,Number One Protection
TRMWNTT128F42828DA,6968833,We Are Scientists,"Nobody Move, Nobody Get Hurt"
TRMWNTU128F934B5B4,3712444,Gorerotted,Horrorday in Haiti
TRMWNJP128F930D863,5627751,Celtic Woman,Panis Angelicus
TRMWPSK128F4295DE6,6882812,Big John Patton,Ain't That Peculiar
TRMWPZL12903CD44D1,7409095,Andrew Spencer meets Blue Nature,I Need A Hero
TRMWPPJ128E0799481,3126851,New Edition,Feelin' It
TRMWPDF128F9302FDA,2078020,Tasmin Archer,You Made a Fool of Me
TRMWPWP128F422782B,7970477,The Bats,North by North
TRMWPWK12903CBB33D,7779647,Nikita,Eterna Divina
TRMWPDB128F14A2EBC,2230280,Y & T,Don't Wanna Lose
TRMWPMP128EF34BCC6,6055575,Robert Rodriguez & Graeme Revell,Hospital Epidemic
TRMWPIA12903CB413B,13256765,Oesch's die Dritten,Ich lieb die Berge meiner Heimat
TRMWPIL128F42A04B2,3443608,Desperado,Csak egy perc
TRMWPLP128F4278D72,3938433,Alex Party,U Gotta Be
TRMWPLZ128F932EC0C,4363300,Miles Davis,You Don't Know What Love Is
TRMWPTX128F92F4459,8102150,Kristy Lee Cook,Baby Believe
TRMWPSF128F93277BE,1660139,Hausmarke,Check in
TRMWPKX128F9347160,4338009,Ha-Ash,Ya No (Dueto con Kalimba)
TRMWPME128F148B52F,2090288,The Roches,You (Make My Life Come True)
TRMWPYE128F424BCA7,3621124,South Froggies,Jazzion (feat. Alan)
TRMWPUQ128F92FF007,7870679,Kites,"Bike Ride, Part III"
TRMWPGG12903CB537E,4792464,Rip Rig & Panic,Take a Don Key to Mystery
TRMWPBP128E0794AC6,3141556,Declan Galbraith,Amazing Grace
TRMWPUY12903CFB6D4,5605344,[ingenting],Re:re:re
TRMWPPQ128F146A95C,8738925,Oxmo Puccino,Quand j'arrive
TRMWPNK128F93471E5,6794284,Beach House,Home Again
TRMWPMH128F1471315,5153040,Less Than Jake,The Rest of My Life
TRMWPWK128F92D1B63,4951197,Debby Boone,I'm So Lonesome I Could Cry
TRMWPOP12903CC51A8,1165377,Wes Cunningham,Gone
TRMWPZW128F42514E9,566828,Clarence Fountain,Where Jesus Is
TRMWPCM128E07966AC,3975181,Trey Songz,All the Ifs
TRMWPBQ12903CAF710,8870608,The Heavy,What You Want Me to Do?
TRMWPVA128F421BE5A,6948515,The Feeling,Spare Me
TRMWPIB12903CF5545,7007481,Abrasive Wheels,Burn 'em Down
TRMWPTG128F4228DAF,2424395,Charlie Haden & Egberto Gismonti,Don Quixote
TRMWPWX128F92EC3C0,1558111,Melotron,Lilienthals Traum
TRMWPAC128F93260C6,1659984,Kevin Ayers,Star
TRMWPZP128F425769F,651536,Ultra Bide,(instrumental)
TRMWPFM128F1465B8D,4217783,Gilbert Bécaud,Mourir à Capri
TRMWPTV128F1469215,6625847,The Cure,I'm Cold
TRMWPPX12903CC56D6,6003314,The Lionheart Brothers,Hero Anthem
TRMWPLE128F931C12B,7878597,Zero dB,Anything's Possible
TRMWPKR128F92DB05C,7165756,Nueva Vulcano,Predominio del Sol
TRMWPZL128F9307E39,2254534,IQ,Wintertell
TRMWPRY128F425A387,1833317,Faster Pussycat,Body Thief
TRMWPCS128F92F98D2,9559502,Florence and The Machine,Drumming Song
TRMWPWQ128F4264E15,2232785,Regina Belle,Good Lovin'
TRMWTCD12903CE7F6D,8757037,Vivian Girls,I Have No Fun
TRMWTAS128F429A671,3927348,Yulduz Usmanova,Dilorom
TRMWTPN128F425FB9B,1384232,George Ducas,I'm Pretending
TRMWTYJ128F92EA054,772491,Pat Woods,Rose of Mooncoin
TRMWTUP12903CF480A,921513,Travis Tritt,No Vacation From the Blues
TRMWTRS128F421CCDD,6844365,The Envy Corps,Party Dress
TRMWTGK128F425D523,1304316,Oscar Lopez,Guitarras From Heaven
TRMWTPB128F4237781,3269795,David Bromberg,Sheebeg and Sheemore
TRMWTYX128F4296CC0,2936316,Joachim Witt,"Mein Schatten (Na, na, na, du Bandit, du)"
TRMWTKY128F14A0256,1078902,Jan Wayne,Dein ist mein ganzes Herz
TRMWTOL128F425A52C,1587976,Spiritualized,I Want You
TRMWTCK12903CBDA3C,5830023,Lutan Fyah,Keepin It Straight
TRMWTXM128F423CC76,2885644,Sam Phillips,Your Kindness
TRMWTLQ128F92EA0F0,8164646,These Are Powers,Adam's Turtle
TRMWTKA128F92FEF02,8737768,Throw That Beat In The Garbagecan!,Mummy Mummy
TRMWTBM128F93265CA,3316526,To Separate the Flesh From the Bones,The Final Extinction
TRMWTYA128F145AC6E,7011165,Wayne Newton,Red Roses for a Blue Lady
TRMWTMY128F149402B,2937217,Sizzla,Sound the Trumpet
TRMWTVB128F4249422,5160426,Waylon Jennings,Abilene
TRMWTRJ12903D00134,9695077,Adriana Evans,Suddenly
TRMWTYP128F4292300,1040069,Marc Anthony,Un Mal Sueño
TRMWTBO128F42647F5,8457205,The Flying Burrito Brothers,Take a Walk on the Edge
TRMWTDB128EF367136,823190,Eugenius,Wannabee
TRMWTQS128F92C69F2,3010739,2Pac,Let's Get It On
TRMWTDS12903CDA1D0,9610578,Gabriel Batz,Lejos De Ti (original mix)
TRMWTDK128F4263CD1,849082,Sweetback,Sensations
TRMWTPZ128F4290FB0,3450665,Demon Boyz,Vibes
TRMWTKD128F425EFE8,565412,Michael Convertino,James & Sarah
TRMWTSV12903CC4610,8394096,Fond Of Tigers,A Long Way to Temporary
TRMWTVY128F9322DBC,745347,Ween,Falling Out
TRMWTVN128F92E30FA,3993371,Tokyo Rose,Phonecards and Postcards
TRMWTLK128F429B84E,5765276,Joan of Arc,Many Times I've Mistaken
TRMWTYD128F14A0BDE,6311167,Naoki Kenji,Destination Earth
TRMWTWS128F935A5D9,10219880,Elizabeth Fraser,Moses
TRMWTHT128F42469D1,5917194,Hydrogyn,Vesper's Song
TRMWTDC128E079603E,2100657,Los Rodríguez,Una Forma de Vida
TRMWTDT128F9341FB2,3583690,Foo Fighters,DOA
TRMWTBL128F42ACFCA,2141296,Urban Species,Blanket (feat. Imogen Heap)
TRMWTKD12903CDD7C3,11316136,Solarstone,Electric Love
TRMWTLR128F4215D72,2103169,Ensemble PAN,Qui n'a le Cuer
TRMWTGN128F9340FA7,4766071,Ricochet,The Star Spangled Banner
TRMWTKR128F427AD6C,1777597,Hell on Wheels,Oh My God! What Have I Done?
TRMWUCE12903CA1B48,4657528,Galadriel,Standing in the Rain
TRMWUWM128F930C507,2315210,Misconduct,Suffer
TRMWUBG128F425BC3D,8071194,Tiga,Far From Home
TRMWUEU128F425702B,2440732,"Lee ""Scratch"" Perry",Economics Crisis
TRMWUVA128F423EE9F,2779497,Devendra Banhart,"Wake Up, Little Sparrow"
TRMWUKS128F421D89B,1908102,Frank Reyes,Nada de Nada
TRMWUGJ128F422F160,1281345,Blood for Blood,She's Still a Bitch (Called Hope)
TRMWUYA128F4257B4D,2613685,The Strawbs,The Battle
TRMWUWA128F92F8EE3,8901932,The Paragons,Island in the Sun
TRMWUWQ128F428BDD9,2783794,Buzzcocks,Ever Fallen in Love (With Someone You Shouldn't've)
TRMWUYB12903CFA28B,11159025,Spor,Kaori
TRMWUQB128F42AD6AF,5015724,Mason Jennings,Some Say I'm Not
TRMWUZW128F42A03B9,6659465,Remi Nicole,Go Mr. Sunshine
TRMWUYM128F4292EE4,3487463,Secret Sphere,Dance With the Devil
TRMWUOI128F9315864,6384535,Two Hours Traffic,Stuck for the Summer
TRMWUGC128F92F9E91,8814798,Mary McBride,Weathervane
TRMWUZD128F92FEBE6,841569,Uncle Tupelo,Acuff-Rose
TRMWUES128F932411F,8554119,Jan Van Bass-10,Behind Blue Eyes (Megastylez remix)
TRMWUJJ128F421EBEF,590790,Crowbar,I Have Failed
TRMWUXD128E0794FA9,3099958,Sting,Englishman in New York
TRMWUCP12903CABA06,5484493,James Blood Ulmer,Church
TRMWUOP128F145E873,4727048,Lifer,Not Like You
TRMWUFH128F4258D20,6463131,X,Movin' On
TRMWUUP12903CFF7CE,1642942,Krisiun,War Ritual
TRMWUDL128F930B119,3069185,Neikka RPM,Feel Your Soul (Manufactura mix)
TRMWUJS128F427E066,5685542,Luis Alberto Spinetta,Flecha zen
TRMWUPT128F42835E8,6275252,Somadrone,City Light Driver
TRMWUYJ128F930FF5D,2343452,Howard Shore,A Mysterious Truth
TRMWULR128F42369A0,13747533,The Insyderz,"Oh Lord, You're Beautiful"
TRMWUZB128F425A33F,686758,Clannad,Banba Óir
TRMWUEO128F92DCE8D,2327099,Franco de Vita,Que no Muera La Esperanza
TRMWUTR128F930CEA7,8331114,Derek Sherinian,The Lone Spaniard
TRMWUVG12903CD43B9,3705865,Shpongle,Schmaltz Herring
TRMWUUQ128F92D5F3D,1720122,Nurse with Wound,Tickling That Great Pudarkus in the Sky
TRMWUZZ12903CEE0F3,11322441,Devlin,Reality Is Sinister
TRMWUPH128F425B454,2739420,Ruins,Vrresto
TRMWUDH128F42767C7,3208524,Lewis Black,Halftime '04
TRMWUTK128F429E0FC,7927584,Stan Van Samang,Shades
TRMWUZA128EF342FFE,5921963,Poems for Laila,Willy Poor Boy
TRMWLCE128F42A23BE,5839290,Deepface,I Want to Live
TRMWLIF128F42702C7,731443,Our Lady Peace,Under Zenith
TRMWLYF12903CD3617,9564131,Rotting Christ,...Pir Threontai
TRMWLQE128F9315109,1845560,Princess Superstar,Affirmative Action
TRMWLPH128F4223220,5564380,Company B,Fascinated (club mix)
TRMWLYY128F147203B,3982623,Filarmónica Gil,É Só Por Isso
TRMWLDV128F428719D,1873621,The Smithereens,Now and Then
TRMWLVL128F429B66E,6352700,BarlowGirl,Keep Quiet
TRMWLPD128F9328533,9042696,Pop Noir,In Like a Lion
TRMWLZK12903CF63C3,2325237,Lara Fabian,La différence
TRMWLPT128F92D2254,2292494,Philip Jeck,Demolition
TRMWLXJ128F429B040,1734566,K.T. Oslin,Mexico Road
TRMWLPE128F932904E,3045446,Eminem,My 1st Single
TRMWLZV128F9301568,1053263,Charlie Haden Quartet West,Sunday At The Hillcrest
TRMWLQJ128F428B86A,3100083,PlantLife,Got2get2gether4luv
TRMWLTN128F92EBB21,7848025,Countach,Hey Blue
TRMWLPM12903CB5174,6113763,Dennis Ferrer,Touched the Sky (feat. Mia Tuttavilla)
TRMWLMA128F4278565,5213047,Charlottefield,Again
TRMWLWK128F4257A14,9653679,Jorge Ben,Espero Por Você
TRMWLLC128F423CB79,3460898,Prince & The New Power Generation,Nothing Compares 2 U (live)
TRMWLMN128F92F22B5,6695539,Deana Carter,On the Road Again (feat. Willie Nelson)
TRMWLTG128F92FCFE9,9115402,Bonafide,Sicker Than I Think
TRMWLZJ128F1458797,782852,The Grid,Instrument
TRMWLOA128F9341CD6,3618575,La Sonora Santanera,Estoy Pensando En Ti
TRMWLFT128E0792062,1378765,The Revolution Smile,The Ride of Los Angeles
TRMWLCO128F92D236E,660367,Moss Icon,Moth
TRMWLQS128F429E10D,7927577,Stan Van Samang,Scars
TRMWLAK128F4299B3F,1064786,Fairground Attraction,Allelujah
TRMWLXX128F4260DBA,7216674,Marc Broussard,Y'all Ain't Ready
TRMWLPL128F4251C39,3339596,King Kurt,Kneebone Knock (live)
TRMWLTC128F9316625,8401505,New York Dolls,This Is Ridiculous
TRMWLRQ128F9302482,6335805,2 Player & DJ Vadim,White Painted Roads
TRMWLMM128F4284D6E,4060003,2nd II None,Whateva U Want (feat. AMG & James Debarge)
TRMWLTO128F92F2C21,2948199,The 411,China Girl
TRMWLXZ128F931F979,9322471,Rocío Dúrcal,Dejame Vivir
TRMWLDA128F42831FF,9771093,Ed Bruce,You're the Best Break This Old Heart Ever Had
TRMWLED128F93319B7,1616133,Articolo 31,Solo per te
TRMWLOW128F933BD30,3398095,Vital Remains,Divine in Fire
TRMWLOH128F4263E41,1524789,A Tribe Called Quest,The Night He Got Caught
TRMWLZF128F93490BF,4256155,Hans Alfredson & Tage Danielsson,Hyrkuskens berättelse
TRMWLZM128F9315CEF,8105239,Spezializtz,Unaufhaltsam (feat. Samy Deluxe)
TRMWLYY128F933B1D0,8264735,Cosmic Gate,Flatline (feat. Kyler England)
TRMWLRS128F427D23D,764620,Michele Zarrillo,L'elefante e la farfalla
TRMWLZA128F42626FC,1007673,Jawbreaker,Ashtray Monument
TRMWLUT128F4290F33,5761471,Marc et Claude,It's All for Love (Erik Vee remix cut)
TRMWLES128F427D771,12301545,Pearl Jam,"Push Me, Pull Me"
TRMWLUW128F9323CF9,7032838,Giuliano Palma & The Bluebeaters,Show Me the Way
TRMWLIP12903CF08D1,1814712,Kinski,That Helmut Poe Kid's Weird
TRMWLAC128F429146F,3484055,Burnt by the Sun,You Will Move
TRMWEYO128F426677F,2977049,Fania All-Stars,Guajira
TRMWEWY128F934ED46,5657124,Darren Hanlon,Fun Park Fugitives
TRMWEGE128F42278A0,3695827,Sneaky Feelings,Better Than Before
TRMWEKK128F42A834B,2222237,Patricia Barber,I Never Went Away
TRMWEHK12903CB112F,5923389,dEUS,Pocket Revolution
TRMWEBZ128F92F922D,7705470,Genya Ravan,Love Is a Fire
TRMWEIT128F428D1E9,8362270,Magna Carta,No Place to Sleep (live in Bergen)
TRMWEBK128F4266986,2373481,Laura Nyro,Blackpatch
TRMWEDG128F932AC43,7137009,Gregor Tresher,A Thousand Nights
TRMWERR128F14905DA,7887636,Redd Kross,Ugly Town
TRMWEYX128F4260FC4,7039818,Soulphiction,Black Woman
TRMWEYP128EF3443B5,6988899,Miljoonasade,Auto
TRMWEHG128F427688B,4016934,Shannon McNally,Tennessee Blues
TRMWEQN128F931120E,4902759,Lou Reed,Big Sky
TRMWEPO128F931EE41,13153596,Peter Kruder,Before Night Falls
TRMWECC128F931EAB0,1275286,Peter and the Test Tube Babies,Tupperware Party
TRMWENX12903CF9085,818813,Sacramentum,Awaken Chaos
TRMWEJT128EF367606,6030494,Crime Mob,Rock Yo Hips
TRMWEFS128F42ACB44,1578438,Renato Russo,Cathedral Song
TRMWEOC128F9322C97,4019757,Red Hot Chili Peppers,Pretty Little Ditty
TRMWEAU128E0781F67,5408681,UB40,Nuff Love
TRMWEHU12903CAD88E,821504,The Georgia Satellites,Railroad Steel
TRMWEFZ128E078CF39,9384018,Firefall,Goodbye I Love You
TRMWEQM12903CEC59E,5334707,Gordon,Let It Be Me
TRMWEUR128F930004C,1073322,Chet Baker,Darn That Dream
TRMWEGB128F9319239,9004969,Johnny Foreigner,Criminals
TRMWEBJ128F931D025,8010727,Beyoncé,Work It Out
TRMWECK128F145F337,985238,Carlos Ponce,Déjate querer
TRMWEPL128F931721E,5036997,The Folk Implosion,Free to Go (edit)
TRMWEXQ128F92E187F,6970941,Jeff Samuel,[untitled]
TRMWERB128F146340F,2711484,Dare,King of Spades
TRMWEWG128E0796524,2626617,Mártires del compás,No vale la pena
TRMWEMW128F92D2AAD,3114364,Bros,Black and White
TRMWECT128E0783913,2275577,Ronan Keating,Baby Can I Hold You
TRMWEAV128F92D263B,6968408,Cómplices,La Milicia Cruél
TRMWEWJ12903CE8E51,7795922,Gwyn Ashton,Ball and Chain
TRMWECH128F429E65F,1579018,C-Rayz Walz,Battle Me
TRMWEGP128F427EC98,2120298,Tom Waits,Presents
TRMWEHU128F93391C1,8328770,Bow Wow,I Ain't Playing (feat. Trey Songz)
TRMWERE128F92EA2DD,824616,Slayer,Read Between the Lies
TRMWENE128F92E1B2A,2285071,Silverio,XXX
TRMWEDK128F92CE5F2,2258223,Thierry Hazard,Les Années Pop
TRMWEQZ128F4230B79,8279557,Peter Gelderblom,Waiting 4
TRMWEOA128E0785404,5056377,Helen Baylor,Helen's Testimony
TRMWEJQ128F93591DD,3710149,Chris Wall,Cowboy Nation
TRMWEQA128F42704A9,6913470,Sound Dimension,Less Problem
TRMWJHB12903C9E4DA,4933738,Die Doraus & Die Marinas,Fred vom Jupiter
TRMWJIU12903CDB401,12967979,Doug Kershaw,Take Me Back to Mama
TRMWJOR128F92CB567,3573408,Elvis Presley,Wonder of You
TRMWJES128F92D100D,6573197,Mark Eitzel,Firefly
TRMWJEM128F93148E0,1070715,Souls of Mischief,Secret Service
TRMWJFY12903CD9CEA,3483541,Édith Piaf,Les Amants
TRMWJJM128F42581F5,3792683,Transmission0,The Return
TRMWJPU128F4299A21,2324507,Econoline Crush,All That You Are
TRMWJOX128F932D666,4327076,Sam Champion,Texas Song
TRMWJFM128F4235893,5025426,NOFX,You Will Lose Faith
TRMWJQY128F930C82E,618853,Rita Marley,Harambe
TRMWJJG128F92F7E23,8092065,Soul Mekanik,Kolor Spektrum
TRMWJLZ128F92D08F7,5060772,Saxon,Wheels of Steel
TRMWJIV12903CE5AEF,6474766,Madlib,No Sitar (outro)
TRMWJWZ128E078332F,7534239,The Velvelettes,Season's Greetings From Motown
TRMWJAX128F92FC346,2160295,Zora Young,Learned My Lesson
TRMWJWZ12903CA45E2,1459087,Jah Cure,Vibes Man A Build
TRMWJOJ128EF363751,7074912,Grupo Miramar,Morir Contigo
TRMWJBS12903CEDD1F,3913620,Ritmo Dynamic,Calinda (club remix by Laurent Wolf)
TRMWJVV12903CC1AF6,12377692,Fletcher Henderson & His Orchestra,Have It Ready
TRMWJIY128F426A550,795220,Raekwon,Outro
TRMWJAR12903CBCC79,4078444,Smokie,Norwegian Girl
TRMWJHU128F1472E89,5763240,Los Pericos,Fronteras de América
TRMWJFH128F92E3441,1667155,Billy Joe Shaver,The Hottest Thing in Town
TRMWJNG128F148FC7E,852457,Blind Melon,New Life
TRMWJBA128E078FDD0,6739690,Jade Warrior,Moontears
TRMWJGO12903CC2526,5302269,Roses Are Red,Running Out of Time
TRMWJUV128F92EBB99,4755581,Texas Terri Bomb!,Raunch City
TRMWJTQ128F1497954,1386396,Now It's Overhead,Who's Jon
TRMWJGD128F14570E2,1951359,Helen Reddy,Ain't No Way to Treat a Lady
TRMWJVZ128E0789271,3103377,Astroqueen,I Go to Sleep
TRMWJVZ128F92F286D,6601197,Don Choa,Ne te tue pas
TRMWJEE128F423E4E9,3719329,Patience & Prudence,Gonna Get Along Without Ya Now
TRMWJQR12903CF8350,8876643,Alfredo Zitarrosa,Milonga de ojos dorados
TRMWJFX128F1481B09,2650855,Diablo,Icon of Flesh
TRMWJFV128F14AA227,1263917,24-7 Spyz,Jungle Boogie
TRMWJBX128F930D846,12905024,Perspects,Too Much Too Fast
TRMWJNE128F42392BD,758394,Yes,Shoot High Aim Low
TRMWJHR128F148D45B,1333886,KISS,We Are One
