tid,artist_name_msd,title_msd,mxm_tid,artist_name_mxm,title_mxm
TRMMMKD128F425225D,Karkkiautomaatti,Tanssi vaan,4418550,Karkkiautomaatti,Tanssi vaan
TRMMMRX128F93187D9,Hudson Mohawke,No One Could Ever,8898149,Hudson Mohawke,No One Could Ever
TRMMMCH128F425532C,Yerba Brava,Si Vos Querés,9239868,Yerba Brava,Si vos queres
TRMMMXN128F42936A5,David Montgomery,"Symphony No. 1 G minor ""Sinfonie Serieuse""/Allegro con energia",5346741,Franz Berwald,"Symphony No. 1 in G minor ""Sinfonie Sérieuse"": I. Allegro con energia"
TRMMMBB12903CB7D21,Kris Kross,2 Da Beat Ch'yall,2511405,Kris Kross,2 Da Beat Ch'yall
TRMMMHY12903CB53F1,Joseph Locke,Goodbye,793273,Joseph LoDuca,Goodbye
TRMMMNS128F93548E1,3 Gars Su'l Sofa,L'antarctique,7503609,3 gars su'l sofa,L'Antarctique
TRMMMXJ12903CBF111,Jorge Negrete,El hijo del pueblo,7362052,Jorge Negrete,El hijo del pueblo
TRMMMBW128F4260CAE,Tiger Lou,Pilots,7833814,Tiger Lou,Pilots
TRMMMXI128F4285A3F,Waldemar Bastos,N Gana,2320200,Waldemar Bastos,N Gana
TRMMMKI128F931D80D,Lena Philipsson,006,4280619,Lena Philipsson,006
TRMMMUT128F42646E8,Shawn Colvin,(Looking For) The Heart Of Saturday,674743,Shawn Colvin,(Looking for) The Heart of Saturday Night
TRMMMQY128F92F0EA3,Dying Fetus,Ethos of Coercion,8851472,Dying Fetus,Ethos of Coercion
TRMMMTK128F424EF7C,Emery,Rock-N-Rule,9855482,Emery,Rock-N-Rule
TRMMMQV12903CA201E,Rev. Timothy Wright,I Made It Over,610698,Rev. Timothy Wright,I Made It Over
TRMMMPN128F426610E,Nicolette,Nervous,721926,Nicolette,Nervous
TRMMMNO128F93539AA,Martin Sexton,In The Journey,1860322,Martin Sexton,In the Journey
TRMMMTG128F426B5BB,Craze,Fuckin Ethic People (999),620542,DJ Craze,Fuckin Ethic People (999)
TRMMMPJ128F9306985,Christian Castro,Tu Vida Con La Mía,3578541,Christian Castro,Tu vida con la mia
TRMMMRZ128F4265EB4,Aerosmith,I'm Ready,2124234,Aerosmith,I'm Ready
TRMMMKD12903CF219E,Skinlab,Take As Needed,1093778,Skinlab,Take as Needed
TRMMMJW12903CF239E,Piotta,Tequila,3462792,Piotta,Tequila
TRMMMWA128F1462C8C,Sev Statik,All For A Purpose (Speak Life Album Version),1941194,Sev Statik,All for a Purpose
TRMMMQN128F4238509,Prince & The Revolution,Raspberry Beret (LP Version),1078688,Prince & The Revolution,Raspberry Beret
TRMMMKQ128F92EBCB5,Kreator,All of the same blood,1071669,Kreator,All of the Same Blood
TRMMMQK128F428AB1F,Hall Of Fame,One Little Too Little,2843061,Hall of Fame,One Little Too Little
TRMMMPU128F42B134D,Frank Chacksfield,Cockleshell Heroes,9320599,Frank Chacksfield,Cockleshell Heroes
TRMMMYP128F429A5E4,Voyage,Trancesequence,1688425,Voyage,Trancesequence
TRMMMKN12903CB44A5,Wishbone Ash,Wonderful Stash,6544020,Wishbone Ash,Wonderful Stash
TRMMMUZ128F4238E64,Malavoi,La filo,3918722,Malavoi,La filo
TRMMMTP128F4276193,Cobra Verde,Throw It Away,1815398,Cobra Verde,Throw It Away
TRMMMSA128F425FA38,Lisa Brokop,Before He Kissed Me,1338599,Lisa Brokop,Before He Kissed Me
TRMMMHS128F42A0971,The Emotions,Blessed,1135373,The Emotions,Blessed
TRMMMDJ128F92CC9F6,Hawthorne Heights,Disaster [Demo Version],7512990,Hawthorne Heights,Disaster (demo version)
TRMMMBU128F9305AC3,The Maytals,Night And Day,3254947,Toots & The Maytals,Night and Day
TRMMMFJ128F92E15AC,Neffa,Passione,7264035,Neffa,Passione
TRMMMNI12903CE0AF1,Lil O,My Everything [Screwed] (feat. Trae The Truth),8589413,Lil' O,My Everything (feat. Trae tha Truth)
TRMMMFG128F425087B,Billy Idol,Scream,3465039,Billy Idol,Scream
TRMMMLV128F14821BE,Out Of The Grey,He Is Not Silent (Out Of The Grey Album Version),1001510,Out of the Grey,He Is Not Silent
TRMMMLF128F4228771,Leo Marini,Acércate Más,7497639,Osvaldo Farrés,Acércate Más (Nat King Cole)
TRMMMXD128F932AD86,Sheb Wooley,Mule Boogie,8029089,Sheb Wooley,Mule Boogie
TRMMMQA128F14A454A,Diana Krall,Dancing In The Dark,755404,Diana Krall,Dancing in the Dark
TRMMMGL128F92FD6AB,Clifford T. Ward,Mad About You,6821012,Clifford T. Ward,Mad About You
TRMMWMW12903CC6062,Joe Diffie,Ships That Don't Come In,1724033,Joe Diffie,Ships That Don't Come In
TRMMWDA128F9343B5B,Blackfoot,Saturday Night  (LP Version),6140619,Blackfoot,Saturday Night
TRMMWDL128F9300D5D,Stemm,On the Surface,5006517,Stemm,On the Surface
TRMMWJS12903CBB7F5,Aerosmith,Remember (Walking In The Sand),730669,Aerosmith,Remember (Walking in the Sand)
TRMMWOM12903CB21B8,Hot Lips Page,Just Another Woman,12401396,Hot Lips Page,Just Another Woman
TRMMWYF128F42557B7,David Fridlund,untitled,3219938,David Fridlund,[untitled]
TRMMWZE12903D0EB43,Kultiration,Bakslag,3156278,Kultiration,Bakslag
TRMMWVS12903CDD6FB,Ewigkeit,The New Way,5120827,Ewigkeit,The New Way
TRMMWCK128F92D4800,Alpha 5.20,Cités dortoires (feat. 59 Grammes),9668137,Alpha 5.20,Pression Sanguine
TRMMWLD128F9301BF2,Tonex,Bring It,686792,Soulfly,Bring It
TRMMWBU128F930B7CF,Finis Tasby,Sitting In My Window (Finis Tasby BMI),6082996,Finis Tasby,Sitting in My Window
TRMMWNY12903CF28D2,Warren Zevon,The Rest of the Night,1576953,Warren Zevon,The Rest of the Night
TRMMWMT128F9345B1B,Andrea Klas,Ride,2900636,Andrea Klas,Ride
TRMMWNB12903C9A959,The Soup Dragons,Passion Protein,4570651,The Soup Dragons,Passion Protein
TRMMWQF12903CC0CAC,Write This Down,Redemption,9933245,Write This Down,Redemption
TRMMWVB128F9312434,Radio Macandé,Dame Tus  Besos,1303365,Radio Macandé,Dame Tus Besos
TRMMWNW128F931511B,Brigitte Fontaine,Le mauvais coton,9798980,Brigitte Fontaine,Le Mauvais Coton
TRMMWFG128F92DFAA2,Hex,Subtek,9431887,Hex,Subtek
TRMMWPD128F4247095,X-Perience,Dream Of Love,5617719,X-Perience,Dream of Love
TRMMWQU12903CF447F,Diablo Swing Orchestra,Lucy Fears the Morning Star,8859768,Diablo Swing Orchestra,Lucy Fears the Morning Star
TRMMWTW128F42783DD,John Williams,Fool on the Hill,9675465,John Williams,Lennon / McCartney (Arr. Brouwer) - Fool on the Hill
TRMMWXK12903CDED07,Fucked Up,Baiting the Public,5405769,Fucked Up,Baiting the Public
TRMMWHJ128F42869B2,The Surfaris,Wipeout,13843656,The Surfaris,Wipeout
TRMMWAO128F93182D2,Kool Savas,Fick uns,12502153,Kool Savas,Fick Uns
TRMMWVG12903CBF769,Prinz Porno,Wir Sind Die Jungs feat. Din & Smexer,4768233,Prinz Porno,Wer sind die Jungs (feat. Din & Smexer)
TRMMWBR128F930E399,Lord T & Eloise,Make Dat Monet,6526022,Lord T & Eloise,Make Dat Monet
TRMMWWE12903D067F2,Kingdom Come,Two Legged Sheep,5491830,Kingdom Come,Two Legged Sheep
TRMMWAO128F42A53EB,Gemelli Diversi,Chi Sei Adesso,1915683,Gemelli Diversi,Chi sei adesso
TRMMWCX128F92EF4C8,Alice In Videoland,Stuck On My Vision,4230512,Alice in Videoland,Stuck on My Vision
TRMMWSE128F93041C5,Kristian Meurman,Joku muu,8637622,Kristian Meurman,Joku muu
TRMMWJP12903CD8807,Felt,Whaleface (Instrumental),9248595,Felt,Whaleface
TRMMWJD12903CC0F05,Gangster Fun,Brown Paper Bag,3291323,Gangster Fun,Brown Paper Bag
TRMMWTG128F4283F07,Roger Whittaker,You Needed Me,7740223,Roger Whittaker,You Needed Me
TRMMWXW128F422976E,A.Human,Pacey Singer,7333180,A.Human,Pacey Singer
TRMMWMR12903CF8643,Tiësto,Ride,7749204,Tiësto vs. Cary Brothers,Ride (Tiesto remix)
TRMMWRF128F1462252,Ice Cube Featuring Chuck D,Endangered Species (Tales From The Darkside) (Remix) (Explicit) (Feat. Chuck D),865870,Ice Cube,Endangered Species (Tales From the Darkside) (feat. Chuck D.)
TRMMWJM128F4227255,Archie Roach,Summer Of My Life,1564939,Archie Roach,Summer of My Life
TRMMWEZ128F1455EAC,Lester Flatt / Earl Scruggs / The Foggy Mountain Boys,Foggy Mountain Breakdown,2733788,Lester Flatt & Earl Scruggs & The Foggy Mountain Boys,Foggy Mountain Breakdown
TRMMWJY128F1469B8A,Luis Eduardo Aute,What Matters Is Just You,6310504,Luis Eduardo Aute,What Matters Is Just You
TRMMWAH128F92F9D00,Lonesome River Band,Southern Comfort,3246773,Lonesome River Band,Southern Comfort
TRMMWYJ128EF358EA7,Retard-O-Bot,Something From Nothing,6155293,Retard-O-Bot,Something for Nothing
TRMMWWX128F92DAF12,Michael Whalen,Half Light,3874300,Michael Whalen,First Light
TRMMWPX128F14965B8,Mark Wills,High Low And In Between,1765742,Mark Wills,High Low and in Between
TRMMWSG128F92DD9AB,Roberto Carlos,Detalles,7882687,Roberto Carlos,Detalles
TRMMGDQ128F4277AE7,Fine China,Rock Can't Last Forever  (You Hate Me Hate Music Album Version),1322000,Fine China,Rock Can't Last Forever
TRMMGCB128E079651D,Morcheeba,Get Along (Feat: Pace Won) (Instrumental),947540,Morcheeba,Get Along (feat. Pace Won)
TRMMGQO12903CD4F19,"Richard ""Groove"" Holmes",Caravan,11089017,"Richard ""Groove"" Holmes",Caravan
TRMMGPD128F42AA230,Lamb,Just Is,1129940,Lamb,Just Is
TRMMGIL128F92DBA59,DJ Markitos,Inside Your Dreams,3163938,DJ Markitos,Inside Your Dreams
TRMMGTX128F92FB4D9,Bacilos,Viejo,1303175,Bacilos,Viejo
TRMMGBF128F931B836,Toyah,Victims of the Riddle [Vivisection],1346397,Toyah,Victims of the Riddle (Vivisection)
TRMMGBQ12903CDF86A,The Wolfmen,Kama Sutra,2797188,The Bonzo Dog Band,Kama Sutra
TRMMGYY128F4289515,Fausto Leali,E non lo scorderò,4366100,Fausto Leali,E non lo scorderò
TRMMGHM128F4270EA7,Link 80,What Can I Do?,653426,Link 80,What Can I Do?
TRMMGMC12903CF7FF0,Spyro Gyra,Pacific Sunrise,2429761,Spyro Gyra,Pacific Sunrise
TRMMGDG12903CDB0E8,White Willow,Gnostalgia,1410926,White Willow,Gnostalgia
TRMMGPB128F428B04A,Robbie Williams,Sin Sin Sin (Sentience Loney Mix),4279431,Robbie Williams,Sin Sin Sin
TRMMGEG12903CB4CFC,Prager Handgriff,Bihac,4584817,Prager Handgriff,Bihac
TRMMGAX128F428FD18,American Boychoir,Praise_ My Soul_ The King Of Heaven,2444038,The American Boychoir,"Praise, My Soul, the King of Heaven"
TRMMGGP128F934AD1D,Thought Industry,Edward Smith,595965,Thought Industry,Edward Smith
TRMMGEU12903CF009A,Red Animal War,Dark Country,1918767,Red Animal War,Dark Country
TRMMGST128F92F25EC,Lonesome River Band,Highway Paved With Pain,4198081,Lonesome River Band,Highway Paved With Pain
TRMMGRZ12903CE1C82,Jason Becker,End Of The Beginning (Album Version),787959,Jason Becker,End of the Beginning
TRMMGUF12903CB279D,Sunscreem,Britannia,9461332,Sunscreem,Britannia
TRMMGPI128F932E6D7,Motormark,I'm About To Do Something (That I'm Gonna Regret),3103434,Motormark,I'm About to do Something (That I'm Gonna Regret)
TRMMGYR128F4282BAE,Underworld,Ring Road,6543947,Underworld,Ring Road
TRMMGTM128F930282D,Airscape,LEsperanza,2604007,Airscape,L Esperanza
TRMMGPL12903CCDB98,Neal Morse,That Crutch,6050645,Neal Morse,That Crutch
TRMMGDP128F933E59A,Al Green,I Say A Little Prayer,5377534,Al Green,I Say a Little Prayer
TRMMGJZ128F4270235,The Muffins,Dawning Star,4255395,The Muffins,Dawning Star
TRMMGKQ128F934B4CE,The Funky Lowlives,Irreplaceable,2663913,The Funky Lowlives,Irreplaceable
TRMMGCK128F932EC2E,Brian Vander Ark,And Then You Went Away,9139662,Brian Vander Ark,And Then You Went Away
TRMMGKX128F421ADC1,Debbie Davies,You Don't Know What You're Doing,6081435,Debbie Davies,You Don't Know What You're Doing
TRMMGNC12903CABD4A,Boo Hewerdine,Touched (Intro: From 'That Winter' By Pamela Gillilan),3401182,Boo Hewerdine,Touched
TRMMGSH128F4243869,Katatonia,Day,9008366,Katatonia,Day and Then the Shade
TRMMGGU128F14A93DD,Zen Cafe,En oo koskaan tavannut,1679564,Zen Café,En oo koskaan tavannut
TRMMGUF12903CAFF44,Warlocks,Militant Musicfreaks,4241890,Warlocks,Militant Musicfreaks
TRMMGIB12903D043E5,Luis Bacalov,The Color Of The Water / Dreaming Of The Future,8862459,Luis Bacalov,The Color of the Water / Dreaming of the Future
TRMMGKT12903CA6C1A,AJP,Nothing More to Say,1805293,David Ryan Harris,Nothing More to Say
TRMMGER128F9324C09,La Souris Déglinguée,Rock'n'roll vengeance,5857421,La Souris déglinguée,Rock n' Roll Vengeance
TRMMGVE128F427B346,Mickey 3D,Qui ? (version baba cool),12537962,Mickey 3D,Qui ? (version Baba Cool)
TRMMGXC12903CB18F6,Glen Glenn,Laurie Ann,9022372,Glen Glenn,Laurie Ann
TRMMGRT128F93517C1,Sofia Karlsson,Näckaspel,6661369,Sofia Karlsson,Näckaspel
TRMMGZH128F14AE4CF,STEVE TAYLOR,Whatcha Gonna Do When Your Number's Up?   (The Best We Could Find Album Version),1785627,Steve Taylor,Whatcha Gonna Do When Your Number's Up?
TRMMGMB128F9321A3E,Junkyard,Waste of Time,3854179,Junkyard,Waste of Time
TRMMHOK128F4273A4E,JK,Deep in the night,2642038,JK,Deep in the Night
TRMMHGT128F42B91AD,Teairra Marí,Make Her Feel Good,3925282,Teairra Marí,Make Her Feel Good
TRMMHTC12903C9AF55,Morrissey,Margaret On The Guillotine (LP Version),1466203,Morrissey,Margaret on the Guillotine
TRMMHBF12903CF6E59,Laurel & Hardy,At the Ball_ That's All,1330307,Laurel & Hardy,"At the Ball, That's All"
TRMMHWI128F423B6AD,Pestilence,Presence Of The Dead (Album Version),1550751,Pestilence,Presence of the Dead
TRMMHDI128F42442F4,Biffy Clyro,Love Has A Diameter,6228678,Biffy Clyro,Love Has a Diameter
TRMMHBW12903CAFDE7,Mental Overdrive,Communion,6665464,Mental Overdrive,Communion
TRMMHRD128F4243970,Exhumed,No quarter,4060021,Exhumed,No Quarter
TRMMHIC128F92E8AE7,Johnny Cash,Rowboat,692229,Johnny Cash,Rowboat
TRMMHAK128F42667CA,Derek Trucks;Solomon Burke,Home In Your Heart,1101040,The Derek Trucks Band,Home In Your Heart (Feat. Solomon Burke)
TRMMHGC128F9338059,New York Rel-X,Sold Out Of Love,5226988,New York Rel-X,Sold Out Of Love
TRMMHYH128F4262566,Sensations,He's So Brave,4727301,Sensations,He's So Brave
TRMMHEG128F42783F1,Bad Dreams Fancy Dress,Rave Up,4897884,Bad Dream Fancy Dress,Rave Up
TRMMHMD128F427428D,Blue Foundation,02.17 AM,2408193,Blue Foundation,02.17 AM
TRMMHAK128F4244179,The Real Kids,She's Alright,883327,The Real Kids,She's Alright
TRMMHCQ128F92C9727,Dora The Explorer,The Itsy Bitsy Spider,8573793,Dora the Explorer,Itsy Bitsy Spider
TRMMHXD128F92E344B,Billy Cobham,Mirage,9671801,Billy Cobham,Mirage
TRMMHKG128F425EBC4,EM1,How Great Is Our King,4412056,EM1,How Great Is Our King
TRMMHGY128F42956EC,Santa Claws and the Naughty But Nice Orchestra,Battery,8786998,Santa Claws and the Naughty but Nice Orchestra,Battery
TRMMHKG12903CDB1B5,Foals,Black Gold,9761524,Foals,Black Gold
TRMMHRF128F424C910,Lird Van Goles,Walk In Holy Ghostwood/Time's Going On,6514985,Lird van Goles,Walk In Holy Ghostwood
TRMMHVC128F92F2941,Mississippi Sheiks,When You're Sick With The Blues,5972476,Mississippi Sheiks,When You're Sick With the Blues
TRMMHFS128F93039A6,Jessica Folcker,Snowflakes (VeebeeO Remix),13262636,Jessica Folcker,Snowflakes
TRMMHIG128F4228C77,Visaci Zamek,Traktor,6505358,Visací zámek,Traktor
TRMMHBL128F42BA0A8,Bryn Christopher,Smilin',7571178,Bryn Christopher,Smilin'
TRMMHXQ12903CA60B8,Voltio,Atrevida Bandolera,5159282,Voltio,Atrevida Bandolera/El Estudio (remix)
TRMMHFO128F426E55C,Hexstatic feat. Juice Aleem,Distorted Minds,2965124,Hexstatic,Distorted Minds (feat. Juice Aleem)
TRMMHND128F1479356,Mediengruppe Telekommander,Trend / Sprengkörper (Medley) (Live),7151902,Mediengruppe Telekommander,Trend / Sprengkörper (Live) (Medley)
TRMMHEB128F930B953,Middle Distance Runner,The Unbeliever,9624428,Middle Distance Runner,The Fury
TRMMHZK128F933648C,Denison Witmer,Paper Doll,3763114,Denison Witmer,Lawyers and White Paper
TRMMHMD128F42915F1,Boney M. 2000,Gotta Go Home,6498653,Boney M.,Gotta Go Home
TRMMHWM128F9316BD3,Michael Stanley Band,Gypsy Eyes,4396597,Michael Stanley Band,Gypsy Eyes
TRMMHFP128F935450F,The Show is the Rainbow,Three,6073525,The Show Is the Rainbow,Three
TRMMHLC128F92D80ED,Kill The Client,Gridlock,4426386,Kill the Client,Gridlock
TRMMHPJ12903CF3225,Giant Drag,White Baby,9723532,Giant Drag,White Baby
TRMMHDT128F422F115,Thursday,A Hole In The World (Album Version),833865,Thursday,A Hole in the World
TRMMHAV128F427F9E8,The Peelers,That's Why I'm Leaving,3935805,The Kitty Vermont,That's Why I'm Leaving
TRMMHMD12903CEC613,Janie Fricke,Your Heart's Not In It,11125719,Janie Fricke,Your Heart's Not In It
TRMMHMZ128F92F3424,Johnny Ventura,La Inseminacion,3897427,Johnny Ventura,La hamaca grande
TRMMHSM128F42B0CB8,Willie Barcena,Willie Barcena,645059,The H&S Mamitas,Willie Barcena
TRMMHKH128F92FD60E,Miquel Brown,This Time It's Real,7272222,Miquel Brown,This Time It's for Real
TRMMHXV128F930119C,Davol,Final Promise (World),1664167,Davol,Final Promise
TRMMHUV128F424E0C3,The Cult,Stand Alone (Album Version),6551181,The Cult,Stand Alone
TRMMHCS128F92E6CBC,J. Tillman,If I Get to the Borderline,7767345,J. Tillman,If I Get to the Borderline
TRMMHPF128F931BDD6,Joshua Redman,Insomnomaniac,8020014,Joshua Redman,Insomnomaniac
TRMMHIT12903CFAF12,Leonard Cohen,Tonight Will Be Fine,6158504,Leonard Cohen,Tonight Will Be Fine
TRMMHMJ128F423816F,Linda Ronstadt,Straighten Up And Fly Right  (LP Version),1071191,Linda Ronstadt & The Nelson Riddle Orchestra,Straighten Up and Fly Right
TRMMHWD128F14AE65F,Michael Card,Will You Not Listen?,1253196,Michael Card,Will You Not Listen
TRMMHGZ12903CD9677,Floor,Kallisti  Song For Eris,2383841,Floor,Kallisti - Song for Eris
TRMMHVN128F428E67E,Falco,Zuviel Hitze,2737569,Falco,Zuviel Hitze
TRMMCPK128F424A9DE,Lighnin' Hopkins,Bunion Blues,6091966,Lighnin' Hopkins,Bunion Blues
TRMMCKH128F1494939,Perturbazione,Se Fosse Adesso,3410429,Perturbazione,Se fosse adesso
TRMMCTR128F145CE15,Bobbi Humphrey,Please Set Me At Ease,6699115,Bobbi Humphrey,Please Set Me at Ease
TRMMCGW128F422C4B9,Angelus Apatrida,Killers And Killed,7419236,Angelus Apatrida,Killers And Killed
TRMMCKG128F426E651,Operator Please,Pantomime,6722450,Operator Please,Pantomime
TRMMCJR128F42667B2,Spencer Parker,Beautiful Noise,6862782,Spencer Parker,Beautiful Noise
TRMMCTJ128F933AE36,Katie Melua,Nine Million Bicycles,4164179,Katie Melua,Nine Million Bicycles
TRMMCBU128E0791823,The Cranberries,Do You Know,865066,The Cranberries,Do You Know
TRMMCFW128F4285276,Juan Formell y los Van Van,La titimania,7298297,Juan Formell y los Van Van,La Titimania
TRMMCLY128F426B2EA,Teenage Bad Girl,Vacuum,6025609,Teenage Bad Girl,Vacuum
TRMMCXU128F42A4DD1,Scandinavian Music Group,Sä,1314316,Scandinavian Music Group,Sä
TRMMCNI128F42AC53B,Martina McBride,You Win Again,4595425,Martina McBride,You Win Again
TRMMCDR128F423AB03,Michael Cera & Ellen Page,Anyone Else But You,6749264,Michael Cera & Ellen Page,Anyone Else but You
TRMMCBB128EF34BE2D,Scott Glasgow,Maia Sterling,6828417,Scott Glasgow,Maia Sterling
TRMMCJQ12903CD48A9,Bone Thugs-N-Harmony,Wanna Be (Explicit Album Version),10114267,Bone Thugs-n-Harmony,Wanna Be
TRMMCNX12903CA35F7,Lou Rhodes,The Rain,6546163,Lou Rhodes,The Rain
TRMMCGY128F424E03F,Elizabeth Daily,Shake It Up,1019566,E.G. Daily,Shake It Up
TRMMCYD128F92C7FDF,Russ Taff,I Cry (LP Version),2823603,Russ Taff,I Cry
TRMMCWV128F424428E,Peter Schilling & Boom-Bastic,Major Tom '94(English Version),3907342,Peter Schilling,Major Tom '94 (radio version)
TRMMCFO128F426C420,Brandy,Who I Am,2461503,Brandy,Who I Am
TRMMCAC128F9325E72,Peter Van Hoesen,Strikethrough,10062832,Peter van Hoesen,Closing the Distance / Toy Universe
TRMMCHV128F427D29E,Harper Simon,Henrieta,7242343,Harper Simon,Henrieta
TRMMCZK128F92F5288,3 Doors Down,Your Arms Feel Like Home,7178887,3 Doors Down,Your Arms Feel Like Home
TRMMCHN128E079507C,Cornelis Vreeswijk,Telegram för en tennsoldat,2738337,Cornelis Vreeswijk,Telegram för en tennsoldat
TRMMCCU128F92E1A71,Brazilian Girls,Never Met A German,5470936,Brazilian Girls,Never Met a German
TRMMCIE12903CC2DB0,Career Suicide,Stones You Throw,5339243,Career Suicide,Stones You Throw
TRMMCDO128F146A75B,Photek,Solaris,784635,Photek,Solaris
TRMMCKM12903CF4808,Gilberto Gil,Oriente,5180710,Gilberto Gil,Oriente
TRMMCMA12903CDB675,Robert Pollard,Perverted Eyelash,8723656,Robert Pollard,Perverted Eyelash
TRMMCLY128F148C23F,The Race,Eye Spy,6795440,The Race,Wandering Eye
TRMMCYF128F421536F,Marta Sanchez,Tiempo Al Tiempo,1546591,Marta Sánchez,Tiempo Al Tiempo
TRMMCPH128F429F862,Puddle Of Mudd,Out Of My Head,4330257,Puddle of Mudd,Out Of My Head
TRMMCKW128F428E54C,Raging Speedhorn,Knives and Faces,2105700,Raging Speedhorn,Knives And Faces
TRMMCZF128F9339016,Leonard Cohen,Suzanne,6848546,Leonard Cohen,Suzanne
TRMMCWE12903D02774,Max Brannslokker,Telze',7713198,Max Brannslokker,Raimonds Pauls
TRMMCVW128F93401E3,R.L. Burnside,Don't Stop Honey (feat. Cedric Burnside),567724,R.L. Burnside,Don't Stop Honey
TRMMCTY128F9360E87,Omar & The Howlers,Girl's Got Rhythm,4989550,Omar & The Howlers,Girl's Got Rythym
TRMMCLO128F92ECA18,Jane Monheit,I Do It For Your Love,8106505,Jane Monheit,I Do It for Your Love
TRMMCQT128F9318823,Bethany Dillon,All I Need (Key-Ab-Premiere Performance Plus),8626884,Bethany Dillon,All I Need
TRMMCAU128F9332597,YGGDRASIL,Beyond the Borders of Sanity,12911360,Yggdrasil,Beyond the Borders of Sanity
TRMMCRH12903CDE79B,Popsicle,Blow Up,5213333,Popsicle,Blow Up
TRMMCUQ128F92CA654,Roosevelt Sykes,Music Is My Business,599714,Roosevelt Sykes,Music Is My Business
TRMMRDO128F4233510,Albert Cummings,Your Sweet Love,3204417,Albert Cummings,Your Sweet Love
TRMMRZW128EF34DF59,The Chariot,Back To Back,6034507,The Chariot,Back to Back
TRMMRIE128F92FB226,M.I.K.E. vs. Andrew Bennett,A Better World,7388065,M.I.K.E.,A Better World (vs. Andrew Bennett)
TRMMRNI128EF34C4A7,Elakelaiset,Humppakavalier,5278919,Eläkeläiset,Humppakavalier
TRMMRRC128F4278129,Big John Greer,Clambake Boogie,9220509,Big John Greer,Clambake Boogie
TRMMRJJ128F9319DE9,Alejandro Fernandez,Júrame,1341060,Alejandro Fernández,Júrame
TRMMRXH128F14AE815,Steve Green,We Trust In The Name Of The Lord Our God (Where Mercy Begins Album Version),1258333,Steve Green,We Trust in The Name of The Lord Our God
TRMMRJG128F42A7B19,Premiata Forneria Marconi,Chi Ha Paura Della Notte?,9598704,Premiata Forneria Marconi,Chi ha paura della notte
TRMMRIO128F423DD33,Mark Lanegan,Sunrise (Album),1046219,Mark Lanegan,Sunrise
TRMMRFQ128F425A508,The Marx Brothers,Harpo's bazar,7077652,The Marx Brothers,Harpo Speaks
TRMMRPV128F93110FE,Nouvelle Vague,The American,8661316,Nouvelle Vague,The American
TRMMRJL128F92C48AB,The White Tie Affair,The Letdown,7146887,The White Tie Affair,The Letdown
TRMMRIT128F4278B2C,Carla Bozulich,I Couldn't Believe It Was True,2969516,Carla Bozulich,I Couldn't Believe It Was True
TRMMRYK128F92EE6B7,Stinking Lizaveta,A Man Without a Country,8145899,Stinking Lizaveta,A Man Without a Country
TRMMRGC128F4277BFF,9 Shocks Terror,Sex,2748382,9 Shocks Terror,Sex
TRMMRFI128F148ADDA,Eastmountainsouth,Show Me The River,1524729,Eastmountainsouth,Show Me the River
TRMMRNL128F14AA221,24-7 Spyz,Fire & Water,3237690,24-7 Spyz,Fire and Water
TRMMRYT128F42B228E,Frenzal Rhomb,You Can't Move Into My House,3797683,Frenzal Rhomb,You Can't Move Into My House
TRMMRQQ12903CD4323,Virus,Carheart,2973522,Virus,Carheart
TRMMRYN12903CF2E58,Swat-Squad,Oxygen,7041103,Swat-Squad,Bastardo
TRMMRUH128F92E9CA8,Venice is Sinking,Andropolis,5173817,Venice Is Sinking,Andropolis
TRMMRCX128F933DB3B,The Oscar Peterson Trio,The Things We Did Last Summer,13645934,The Oscar Peterson Trio,Things We Did Last Summer
TRMMREE128F425C8FD,Takana Zion,Conakry,6497841,Takana Zion,Conakry
TRMMRVE128E0796429,Breite Seite,Kein Wort,6073420,Breite Seite,Kein Wort
TRMMROM12903CB6FD4,Cab Calloway,Jonah Joins The Cab,7921963,Cab Calloway,Jonah Joins the Cab
TRMMRWO128F92F8A4C,Fetterline,Scarlet Winter,4884531,Fetterline,Scarlet Winter
TRMMRBW128F4284BDB,DJ Quik,Quik's Groove VII,1424564,DJ Quik,Quik's Groove VII
TRMMRZS128F9316283,Alberto Fortis,L'Uomo Grande,8161716,Alberto Fortis,L'uomo grande
TRMMRZQ128F14A4E44,Penguin Café Orchestra,Telephone And Rubber Band (Live) (2001 Digital Remaster),1326649,Penguin Cafe Orchestra,Telephone and Rubber Band
TRMMRRA12903CBE801,J-Kwon,Ghetto (feat. Gino Green),2143075,J-Kwon,U Ain't Gotta Like Me
TRMMRXG128F424865E,The Answering Machine,Decadent,8566840,The Answering Machine,Emergency
TRMMRWX12903CF4DF1,The Wonder Years,Everything I Own Fits In This Backpack,13433015,The Wonder Years,Everything I Own Fits In This Backpack
TRMMRUF128F427A25F,Piccola Bottega Baltazar,Gli Amanti Di Val Morel,8306423,Piccola Bottega Baltazar,Gli amanti di Valmorel
TRMMRVL128F92F6767,Rhian Sheehan,Cosmology,3911913,Rhian Sheehan,Cosmology
TRMMRKO128F92F2B84,Anti Nowhere League,Am I Dead,4648840,Anti-Nowhere League,Am I Dead
TRMMRFV128F931E054,Mutabor,schmetterlinge,3067652,Mutabor,Schmetterlinge
TRMMRRP128F427CC01,Fito Paez,Tres Agujas,4397385,Fito Páez,Tres agujas
TRMMRHG12903CC6BE2,Yma Sumac,Ataypura (High Andes),8291271,Yma Sumac,Ataypura - High Andes
TRMMRGF128F4263395,Pony Club,Single,3282847,Pony Club,Single
TRMMRJD128F42756E5,Sunbeam,Outside World,7353107,Sunbeam,Outside World
TRMMRUB12903CA097C,Brook Benton,Lie To Me,2379735,Brook Benton,Lie to Me
TRMMRJO128F933C229,Les Wriggles,Dieubouddhallah,2085990,Les Wriggles,Dieubouddhallah
TRMMRAC128F4238209,Josh Turner,The Way He Was Raised,6612739,Josh Turner,The Way He Was Raised
TRMMRCO128F42705EB,Mouse On Mars,Subnubus,1557085,Mouse on Mars,Subnubus
TRMMRGB128F92EBE23,Crash Parallel,Long Night Dreaming,8548211,Crash Parallel,Long Night Dreaming
TRMMREB12903CEB1B1,Slim Harpo,I Got Love If You Want It,4253176,Slim Harpo,I've Got Love If You Want It
TRMMRMK128F92DF44D,Glissade,Burned in Blue,8145804,Glissade,Burned in Blue
TRMMBSC128F42B9B21,Akcent,Feel Me,8875820,Akcent,Feel Me
TRMMBSC128F9342FBA,Claire Hamill,Denmark,1724820,Claire Hamill,Denmark
TRMMBCM128F423BB90,Madredeus,O Sonho,739429,Madredeus,O sonho
TRMMBDC128F4292DA9,Boyd Tinsley,Perfect World,1435580,Boyd Tinsley,Perfect World
TRMMBDE128F932F640,Blink-182,Boring,1348953,blink-182,Boring
TRMMBJW12903CB2C57,Trader Horne,Velvet To Atone,2116442,Trader Horne,Velvet to Atone
TRMMBHK128F427CC41,David Lanz,Escapades Of Pan (Orchestral Version),1339651,David Lanz,Escapades of Pan
TRMMBOK128E07999DD,Ms. Dynamite,Gotta Let It Go,7358495,Ms. Dynamite,Gotta Let It Go
TRMMBVA12903CFB9E0,Peter Broderick,Part 5: Awaken/Panic/Restraint,12396753,Peter Broderick,Awaken/Panic/Restraint
TRMMBDB12903CE37DB,Richard Berry,Yama Yama Pretty Mama (Digitally Remastered),2321746,Richard Berry,Yama Yama Pretty Mama
TRMMBHY128EF34FE6A,Billy J. Kramer,From A Window,1196278,Billy J. Kramer,From a Window
TRMMBZT128F9329034,The Count Bishops,Down The Road Apiece,5326199,The Count Bishops,Down the Road Apiece
TRMMBIO128F4262553,Union 13,A Short Supply (of Truth),3413177,Union 13,A Short Supply (Of Truth)
TRMMBVF128F932AD4B,Helix,Animal House,3050980,Helix,Animal House
TRMMBAR128F4274AE3,Afu-Ra,Power Skit #2,3946752,Afu-Ra,Power Skit #2
TRMMBRU128F9310F18,I Concur,Oblige,8424373,I Concur,Oblige
TRMMBEI128F422A590,Nação Zumbi,Voyager,5890968,Nação Zumbi,Voyager
TRMMBNU12903CA3813,Lou Rhodes,This Love,6546169,Lou Rhodes,This Love
TRMMBWS128F42787ED,End Of Fashion,Hardcore,3959813,End of Fashion,Hardcore
TRMMBCH128F92F9A94,Cliff Richard,Somewhere Along The Way (Mono) (1998 Digital Remaster),9758626,Cliff Richard,Somewhere Along the Way
TRMMBXD128F1477148,Dashboard Confessional,Morning Calls,9347308,Dashboard Confessional,Morning Calls
TRMMBGI128F92D19C4,Lewis Taylor,Track,6062973,Lewis Taylor,Track
TRMMBCD128F429AA45,Middle Of The Road,Give It Time,6074577,Middle of the Road,Give It Time
TRMMBSH128F424A4ED,Robert Hood,The Body Human,3509119,Robert Hood,The Body Human
TRMMBBL128F146722B,June Christy,(It Will Have To Do) Until The Real Thing Comes Along (1995 Digital Remaster),6960204,June Christy,(It Will Have to Do) Until the Real Thing Comes Along
TRMMBQC128F934B56B,Tristan Garner,Give Love,10240529,Tristan Garner,Give Love
TRMMBBF128F931C337,Black Sabbath,Wishing Well,7458910,Black Sabbath,Wishing Well
TRMMBMI128F421A4C2,Roger Creager,What's A Lonely Girl To Do,2005930,Roger Creager,What's a Lonely Girl to Do
TRMMBQL128F42620F8,Bodies Of Water,It Is Familiar,6389476,Bodies of Water,It Is Familiar
TRMMBIO12903CBBE27,Dino Merlin,Zid,3391800,Dino Merlin,Zid
TRMMBTA12903CF1FB6,Stampin´ Ground,Bear The Scars,2195226,Stampin' Ground,Bear the Scars
TRMMBWO128F4244A67,Luka Bloom,Gypsy Music,6094426,Luka Bloom,Gypsy Music
TRMMBTX12903C9C04A,Sebkha-Chott,All Blacks,8941110,Sebkha-Chott,All Blacks
TRMMBGI128E0788B31,Air,Casanova 70 The Secret Of Cool,7429936,Air,Casanova 70 (The Secret of Cool)
TRMMBDK128F425F699,Tiny Masters Of Today,Hey Mr. DJ (XFM Session),6774444,Tiny Masters of Today,Hey Mr. DJ
TRMMBOZ128F1470286,MALIAN MUSICIANS & DAMON ALBARN,Sunset Coming On,1231350,Damon Albarn & Malian Musicians,Sunset Coming On
TRMMBUX128F930B141,Neikka RPM,I Am Your Girl (love is blue remix by A.T:F),2529357,Neikka RPM,I Am Your Girl (Love Is Blue Remix By A.T:F)
TRMMBAH128F92C2934,Entombed,Year One Now,2119819,Entombed,Year One Now
TRMMBPI128F14A48E6,Down To The Bone,Electra Glide,934093,Down to the Bone,Electra Glide
TRMMBQZ12903CF0F9A,No Age,Genie,8732232,No Age,Genie
TRMMBZW128F148BDA4,Samantha Mumba,What's It Gonna Be,2696058,Samantha Mumba,What's It Gonna Be
TRMMBOC12903CEB46E,Marcus Worgull,Drumstern (BONUS TRACK),6754347,Marcus Worgull,Dragon Loop
TRMMBRN128F4256A56,Deadsoil,The Promise,3580998,Deadsoil,The Promise
TRMMBIY128F149F02C,The Undisputed Truth,Poontang,5132628,The Undisputed Truth,Poontang
TRMMBMP12903CDCE45,Johnny & the Hurricanes,Buckeye,1036360,Johnny and The Hurricanes,Buckeye
TRMMBHE12903CFF29C,Rumble Pack,Back to Basics,6936156,Rumble Pack,Back to Basics
TRMMFCR128F147F293,Jealousy,Lucy,6866957,Jealousy,Lucy
TRMMFJW128F149EF7F,The Temptations,I'm Glad There Is You,919466,The Temptations,I'm Glad There Is You
TRMMFEX128F92FC4F4,Roger Daltrey,Would A Stranger Do?,5211539,Roger Daltrey,Would a Stranger Do?
TRMMFNT128F146AB95,Bebe Winans,Thank You,1080795,BeBe Winans,Thank You
TRMMFRZ128F9331C09,Richard Galliano,Giselle,2907594,Richard Galliano,Giselle
TRMMFSL128F4234583,Kanye West / Mos Def,Drunk and Hot Girls,6445226,Kanye West,Drunk and Hot Girls (feat. Mos Def)
TRMMFUB128F425E857,Senore Matze Rossi,Ich Lasse Mir Nichts Mehr Nehmen,7094741,Senore Matze Rossi,Ich lasse mir nichts mehr nehmen
TRMMFKN128F931775E,Twenty 4 Seven,Good Times,4801997,Twenty 4 Seven,Good Times
TRMMFHU128F92D7E48,Mandisa,Children Go Where I Send Thee,8138595,Johnny Cash,Children Go Where I Send Thee
TRMMFQZ128F92F56FC,Flux of Pink Indians,Background Of Malfunction,3037761,Flux of Pink Indians,Background of Malfunction
TRMMFTD128F14A23A6,Boss Volenti,The Gun,5882688,Boss Volenti,The Gun
TRMMFAR128F42986F7,Operation Ivy,Knowledge,3932140,Operation Ivy,Knowledge
TRMMFKY128F423A78F,Padded Cell,Savage Skulls,7252938,Padded Cell,Savage Skulls
TRMMFQU128F9342A64,Inhume,Fucked with paranoia,5447989,Inhume,Fucked with Paranoia
TRMMFVV128F426A658,Saxon,747 (Strangers In The Night) (Live At The Hammersmith Odeon) (1997 Digital Remaster),6682980,Saxon,747 (Strangers in the Night)
TRMMFFA12903CE7323,Judy Mowatt,Think,629421,Judy Mowatt,Think
TRMMFJS128F93428C7,Commit Suicide,Ablation,3822674,Commit Suicide,Ablation
TRMMFIS128E078EDEA,Aerosmith,Cryin',4038543,Aerosmith,Cryin'
TRMMFYF128F421EFDE,Ricaine,308,4441547,Ricaine,308
TRMMFIG128F1464EDA,Erasure,Victim Of Love,1096096,Erasure,Victim of Love
TRMMFAF128F933C3C9,Lio,Je me tords,12708341,Lio,Je me tords
TRMMFZM12903CBD45C,Ubar Tmar,When The Light Is Gone live mix,3765181,Ubar Tmar,"When the Light is Gone (Live at Arasaki Beach, 96 Summer of Love)"
TRMMFMZ128F93302C0,FFH,Through My Eyes,5549039,FFH,Through My Eyes
TRMMFVZ128F92FE11F,The Spektrum,Nenphilis,12248025,The Spektrum,Nenphilis
TRMMFRN128F92E5FEF,The Hoosiers,Cops And Robbers,9764800,The Hoosiers,Cops and Robbers
TRMMFXR12903CF4536,Paradise Lost,Intro,4556850,Paradise Lost,Intro
TRMMFXM128F424295C,Topmodelz,Something About You,7207130,Topmodelz,Something About You
TRMMFIU128F42357BF,Good Riddance,Yesterday's Headlines,761338,Good Riddance,Yesterday's Headlines
TRMMFIR128F4221C4F,Kaya Project,Stone Turns Black,4007429,Kaya Project,Stone Turns Black
TRMMFLA128F425C1C0,The Last Dance,Wake Me Screaming,4179260,The Last Dance,Wake Me Screaming
TRMMFEH128F424B406,The Exies,1970,3856463,The Exies,1970 +
TRMMFHL128F146E5ED,Nerina Pallot,Nickindia (remastered),3508292,Nerina Pallot,Nickindia
TRMMQPE128F423A34E,Happy Mondays,Moving In With (Re-mastered version),7937783,Happy Mondays,Moving in With
TRMMQTK128F42729AC,Jerry Ropero Featuring Cozi,The Storm (John Dahlback Remix) (Feat. Cozi),9545865,Jerry Ropero,The Storm (feat. Cozi Costs) (John Dahlbäck dub)
TRMMQMP128F423A7E3,Jenniffer Kae,Ebb And Flow,7230102,Jenniffer Kae,Ebb And Flow
TRMMQFO128F14A214E,Claw Boys Claw,Bones,1858619,Claw Boys Claw,Bones
TRMMQJH128F1464A57,Liam Lynch,Happy,2974626,Liam Lynch,Happy Song
TRMMQZZ128F4249F40,Minnesota Orchestra,Danse Macabre,1548545,Erich Kunzel and the Cincinnati Pops Orchestra,Danse Macabre
TRMMQOV128F4272A48,The Wailers,No Sympathy,4250903,Bob Marley & The Wailers,No Sympathy
TRMMQPD128F92F6AFD,DJ Remy,Till Ya Drop! 2007,7799756,DJ Remy & Roland Klinkenberg,Till Ya Drop!
TRMMQAN128F4286DFA,Arnaldo Antunes,Eu Não Sou Da Sua Rua,5467828,Arnaldo Antunes,Eu Não Sou da sua Rua
TRMMQFA128F4281BAC,Kari Tapio,Tom Dooley,7213780,Kari Tapio,Tom Dooley
TRMMQKR12903CD5675,Attack,Två av Oss,3540736,Lars Vegas Trio,Två av oss
TRMMQEM12903CB415B,220 Volt,Woman In White (LIVE),13233233,220 Volt,Woman in White (live)
TRMMQRB12903CA3738,Slowpho,Devoted,5169250,Slowpho,Devoted
TRMMQGS128F423CA04,Jaco Pastorius Big Band,Amerika (Live Verison),2313580,Jaco Pastorius Big Band,"Amerika (live, 1982)"
TRMMQSP128F1486267,Story Of The Year,Until The Day I Die (Album Version),2920483,Story of the Year,Until the Day I Die
TRMMQYP128F428E72A,The Untouchables,Shine On,3731563,The Untouchables,Shine On
TRMMQVN128F4262999,Joe Satriani,Rubina's Blue Sky Of Happiness,833801,Joe Satriani,Rubina's Blue Sky Happiness
TRMMQPT12903CBFF20,Emerson_ Lake & Palmer,Still...You Turn Me On,697660,"Emerson, Lake & Palmer",Still... You Turn Me On
TRMMQQR12903D033B4,Los Compadres,Los barrios de Santiago,9642685,Los Compadres,Los Barrios De Santiago
TRMMQUB128F42893CA,Steve Cropper & Felix Cavaliere,Love Appetite,9366206,Steve Cropper & Felix Cavaliere,Love Appetite
TRMMQNL128F933A7FB,Årabrot,I,8771389,Årabrot,I
TRMMQDL128F424272B,Ambrosia,Holdin' On To Yesterday,8473533,Ambrosia,Holdin' on to Yesterday
TRMMQPR128F9330C05,I Walk The Line,The Man Without A Name,4798637,I Walk the Line,The Man Without a Name
TRMMQQT12903CB44E8,Ed McCurdy,The Playhouse Saint,7974616,Ed McCurdy,The Playhouse Saint
TRMMQMT128F148AACB,Grand Ulena,Between Tholozan And Oleatha,3129103,Grand Ulena,Between Tholozan and Oleatha
TRMMQAX128F9334E48,Crosby_ Stills & Nash,House Of Broken Dreams,8647108,"Crosby, Stills & Nash",House of Broken Dreams
TRMMQUO128F92EFDA8,Shit and Shine,Nuns Leg,7617682,Shit and Shine,Nuns Leg
TRMMQDK128F4266EBF,Megalon,Sons Of Sarah Connors,3225323,Megalon,Son's of Sarah Connors
TRMMQPM128F4266029,Cobra Starship,My Moves Are White [White Hot_ That Is] (Album Version),6586130,Cobra Starship,My Moves Are White (White Hot That Is)
TRMMQQP128F429096F,Cabballero,Hymn,4450686,Cabballero,Hymn
TRMMQOL128F9340687,Paramore,Rewind (Demo),6759425,Paramore,Rewind (demo)
TRMMQFP128F92F0413,System of a Down,This Cocaine Makes Me Feel Like I'm On This Song,3658000,System of a Down,This Cocaine Makes Me Feel Like I'm on This Song
TRMMQWC128F4233674,Josh Pyke,Sew My Name,8990875,Josh Pyke,Sew My Name
TRMMQMY128F930BD2F,Barry Brown,Give Thanks and Praise - Original,2968834,Barry Brown,Give Thanks and Praise
TRMMQQU128EF3583ED,Williamson,Sailing To The Botton,5421840,Williamson,Sailing to the Bottom
TRMMQUQ128F4261E3A,The Dickey Betts Band,The Blues Ain't Nothin',1319761,The Dickey Betts Band,The Blues Ain't Nothin'
TRMMQME12903CD2B9D,Naked Raygun,Entrapment,2920673,Naked Raygun,Entrapment
TRMMQCW128F930E26F,Kaizers Orchestra,Kaizers 115. Drøm,6844095,Kaizers Orchestra,Kaizers 115. drøm
TRMMQUA128F425761E,Wesley Willis,Jesus Christ,1586590,Wesley Willis,Jesus Christ
TRMMQXZ128F92D0A0E,Manjul,Hungry Belly,6661704,Manjul,Hungry Belly
TRMMZRE128F42B799E,Daniel Balavoine,Sauver L'Amour,1594812,Daniel Balavoine,Sauver l'amour
TRMMZJO128F42434B2,Sandhy SonDoro,Don´t Let It Bring You Down,7163207,Sandhy Sondoro,Don't Let It Bring You Down
TRMMZSA128F4233C55,"Willie ""Big Eyes"" Smith",Tell Me Mama,2392350,"Willie ""Big Eyes"" Smith",Tell Me Mama
TRMMZSX128F4285EEC,Planlos,Rock-Legenden,3450366,Planlos,Rock-Legenden
TRMMZZF128F92F96E1,Boozoo Bajou,Fuersattel,8086775,Boozoo Bajou,Fuersattel
TRMMZAW128F930B851,Not Your Average Hippy,Thirteen,10017774,Not Your Average Hippy,Arid Solar Wind
TRMMZMW128F427C396,Dreams Come True,Moonlight,677412,DREAMS COME TRUE,MOONLIGHT
TRMMZNK128F149044A,Talk Talk,I Believe In You (1997 Digital Remaster),1133826,Talk Talk,I Believe in You
TRMMZFP128F934E711,Dominik Eulberg,Ambivalent,3187845,Dominik Eulberg,"""Brenzlich, Brenzlich"" dachte der Feuersalamander"
TRMMZSB128F14A4950,The Rutles,Major Happy's Up And Coming Once Upon A Good Time Band,7062844,The Rutles,Major Happy's Up and Coming Once Upon a Good Time Band
TRMMZEY128F4244253,Half Japanese,Movin' On Up,1072640,Half Japanese,Movin On Up
TRMMZNV128F9352E7A,Fragile State,Undercurrent (Alucidnation Downtempo Mix),7802552,Fragile State,Undercurrent (Alucidnation Downtempo mix)
TRMMZQE128F92E799D,John Coltrane Quartet,I Wish I Knew,3864191,John Coltrane Quartet,I Wish I Knew
TRMMZMG128F427CA28,Jeff Lorber,Uncle Darrow's,7093982,Jeff Lorber,Uncle Darrow's
TRMMZJI12903CA126D,Microwave Dave and the Nukes,Body And Fender Man,4833839,Microwave Dave & The Nukes,Body and Fender Man
TRMMZNN128F42887EF,Why?,Gemini (Birthday Song),4238661,WHY?,Gemini (Birthday Song)
TRMMZIM12903CBBF55,Eric Sneo,Coming Home,13779079,Delaney & Bonnie and Friends with Eric Clapton,Coming Home
TRMMZFT128F4252625,AGATHODAIMON,After dark,1200699,Agathodaimon,After Dark
TRMMZTO128F92C95BD,Bratri Ebenove,Karlovy Vary,7305544,Bratři Ebenové,Karlovy Vary
TRMMZLZ128F421774B,Halfway to Gone,Never Comin' Home,1995526,Halfway to Gone,Never Comin' Home
TRMMZCO128F4220E1F,Chiasm,Rewind,3756026,Chiasm,Rewind
TRMMZDO128F426B386,Los Enemigos,Nadie Me quiere,4134721,Los Enemigos,Nadie me quiere
TRMMZYE128F9349941,La Habitacion Roja,Cuando Te Hablen De Mi,2657985,La Habitación Roja,Cuando te hablen de mí
TRMMZXU128F427D16E,Patent Pending,Job,4050561,Patent Pending,67 Dollars and No Sense
TRMMZRY128F426C014,Kate Smith,Somebody Loves Me,3244840,Kate Smith,Somebody Loves Me
TRMMZFU128F42BCDCD,Furry Lewis,Take Your Time Rag,8541633,Furry Lewis,Take Your Time Rag
TRMMZTZ128F426365D,Halo Of Flies,D.D.T. Fin 13,659140,Halo Of Flies,D.D.T. Fin 13
TRMMZHL128F42677F0,Shooting At Unarmed Men,Sailing Keeps You Safe,7068843,Shooting at Unarmed Men,Sailing Keeps You Safe
TRMMZYR128F9305C1B,Rabbit,Broken Arrows,8038615,Rabbit,Broken Arrows
TRMMZXX128F146E474,Curtis Stigers,I Can't Stand Losing You,5067831,Curtis Stigers,I Can't Stand Losing You
TRMMZHD128F427FE98,Devotchka,The Clockwise Witness,6979897,DeVotchKa,The Clockwise Witness
TRMMZZD128F422AA3C,Lacuna,Celebrate the Summer 2006,7019513,Lacuna,Celebrate the Summer 2006
TRMMZRL128F4238A3A,Haikara,Jälleen on meidän,3762686,Haikara,Jälleen on meidän
TRMMZTM12903CD177A,Bullet,Ain't Got Time To Waste,3918567,Aim,Ain't Got Time to Waste
TRMMZCP128F14AFDA4,Kreidler,Circles,1838309,Kreidler,Circles
TRMMZTK12903D114FF,Heredeiros Da Crus,Cocha Meu Minino,6841256,Heredeiros da crus,Cocha meu miniño
TRMMZKO128F424AE86,Carey Bell,Going Back To Louisiana,1816259,Carey Bell,Going Back to Louisiana
TRMMZHG128F421B133,Bill Perry,Big  Ass Green Van,4019316,Bill Perry,Big Ass Green Van
TRMMZQW128F9342C09,Watchmaker,Jesus Is Coming,3337408,Watchmaker,Jesus Is Coming
TRMMZWQ128F93462CD,Bob Baldwin,Cafezinho,5251792,Bob Baldwin,Cafezinho
TRMMZKU128F4296801,Rick Astley,Never Knew Love,770408,Rick Astley,Never Knew Love
TRMMZOA128F147D074,Bobbie Gentry,Mississippi Delta,5437283,Bobbie Gentry,Mississippi Delta
TRMMZRY12903D1368F,Patrik Isaksson,Vågorna,5159364,Patrik Isaksson,Vår sista dag
TRMMZOT128F149E9EE,The Chantels,Prayee,5342487,The Chantels,Prayee
TRMMZNT128F4237C33,David Sanborn,Hideaway (Album Version),1044522,David Sanborn,Hideaway
TRMMZLQ12903CD7EA7,Kurt Vile,Red Apples,8374848,Kurt Vile,Red Apples
TRMMZAE128F930C07D,A.C.T,Lord Of Lies,5684628,Týr,Lord of Lies
TRMMZAC12903CEFFA5,Impact,La Mosca,6115440,Impact,La tua eterna illusione
TRMMIBQ128F92FAE23,Conjunto Clasico,Malancolo,3742240,Conjunto Clasico,Al Salir El Sol
TRMMIDH12903CC2667,Billy Boy Arnold,Just a Dream,2715417,Billy Boy Arnold,Just a Dream
TRMMIWS12903CDFDAD,Asia 2001,Antartica,7210411,Asia 2001,Antartica
TRMMIFX128F933BB35,Gloria Lasso,Venus,4984683,Gloria Lasso,Venus
TRMMIFE128F1491C8E,Robert Plant,Your Ma Said You Cried In Your Sleep Last Night  (2006 Remastered LP Version),808390,Robert Plant,Your Ma Said You Cried in Your Sleep Last Night
TRMMIJB12903CD3A89,DJ Fait,No Easy Way Out,9585810,DJ Fait,No Easy Way Out (club mix)
TRMMIDR128F1456A40,Muddy Waters,All Night Long,738765,Muddy Waters,All Night Long
TRMMILX128F92FE3F7,Senser,Sandhurst In Zero G,9042989,Senser,Sandhurst in Zero G
TRMMIOJ128F92F40B9,Iron Butterfly,Iron Butterfly Theme,1918873,Iron Butterfly,Iron Butterfly Theme
TRMMIAO128F9328C36,DD/MM/YYYY,Cancerboy on Hash,9183012,DD/MM/YYYY,Cancerboy on Hash
TRMMICT128F4287ABE,Miracle Chosuke,Vallejo,3682036,Miracle Chosuke,Vallejo
TRMMIYB12903CEFF1A,The Jackson Southernaires,It's A Blessing,2900576,The Jackson Southernaires,It's All in the Word
TRMMIPY128F423739E,Mando Diao,Never Seen The Light Of Day (Radio Edit),6592229,Mando Diao,Never Seen the Light of Day
TRMMIAR128F427AF13,One Way System,Believe Yourself (Album Version),3035276,One Way System,Believe Yourself
TRMMIHW128F9325496,C-Block,First Love,7953488,C-Block,First Love
TRMMIIS128F426155F,Benassi Bros. Feat. Dhany,Make Me Feel,12971421,Benassi Bros feat. Dhany,Make Me Feel
TRMMIEG128F425A851,Tihuana,Como Eu Queria,3548754,Tihuana,Como eu queria...
TRMMIAQ128F14802D5,Andres Calamaro,La Verdadera Libertad,2144452,Andrés Calamaro,La verdadera libertad
TRMMIMB128F92F6356,Los Amantes De Lola,Valiums A Tu Tia,2100846,Los Amantes de Lola,Valiums a tu tía
TRMMILJ128F4242AD2,Incantation,Merciless tyranny,3396923,Incantation,Merciless Tyranny
TRMMIGK128F145893F,Japan,The Art Of Parties,910497,Japan,The Art of Parties
TRMMIZZ128F4289298,Bitty McLean,It Keep Rainin' (Tears From My Eyes) (Radio Edit),1495039,Bitty McLean,It Keep's Rainin'
TRMMIMZ128F9333503,Continental Drifters,Tomorrow's Gonna Be,985071,Continental Drifters,Tomorrow's Gonna Be
TRMMIHU12903CFF742,Enchant,Invisible,1627611,Enchant,Invisible
TRMMIUB128F428565E,AfroReggae,Benedito,7535688,AfroReggae,Benedito
TRMMIFD128F9325433,DC Talk,I Wish We'd All Been Ready (Key-Ab-Premiere Performance Plus),2488167,dc Talk,I Wish We'd All Been Ready
TRMMIMB128F93294FA,Kokolo,Soul Power,8307717,Kokolo,Soul Power
TRMMIAN128EF3671BA,The Adverts,New Boys,7966524,The Adverts,New Boys
TRMMIDO128F1463A4E,The Dickies,Fan Mail,4755157,The Dickies,Fan Mail
TRMMIIV128F14A2BC7,O Rappa,Linha Vermelha,1875186,O Rappa,Linha Vermelha
TRMMIQH12903CC6652,Clint Eastwood,Rowdy,5676910,Clint Eastwood,Rowdy
TRMMITS12903C9D127,Natalino Otto,Mamma Voglio Anch'io La Fidanzata,4402867,Natalino Otto,Mamma voglio anch'io la fidanzata
TRMMISS128F932F24D,Nessbeal,Rimes Instinctives,7319586,Nessbeal,Rimes instinctives
TRMMIXP128F934674D,Feadz,Liisborg Error,8761697,Feadz,Liisborg Error
TRMMIXE128F146C649,No Innocent Victim,C.e.b. (Album Version),589854,No Innocent Victim,C.E.B.
TRMMICW128F14548B8,Yabby You,Warn Them Jah Dub,5411402,Yabby U,Warn Them Jah Dub
TRMMIVM128F42326B9,James Newton Howard/The Postman Soundtrack,Shelter In The Storm (Album Version),1507103,James Newton Howard,Shelter in the Storm
TRMMIUT128F932DE69,Daniel Merriweather,You Don't Know What Love Is (You Just Do As You're Told),8493422,Daniel Merriweather,You Don't Know What Love Is (You Just Do as You're Told)
TRMMIQN128F426B586,Exile,Take Me To The River,4762500,Exile,Take Me To The River
TRMMIKV128F4276904,Bernard Harris,Let it Go,3615840,Bernard Harris,Let It Go
TRMMIFK12903CE6B10,Chad Smith's Bombastic Meatbats,Into The Floyd,13816801,Chad Smith's Bombastic Meatbats,Into The Floyd
TRMMALI12903CC8A96,Sunlightsquare,I Believe In Miracles,13604705,Sunlightsquare,I Believe in Miracles (Broken Party Nimal mix)
TRMMAFC128F93566B2,Bill Perry,Honey Pie,1160899,Bill Perry,Honey Pie
TRMMAVK128F92DF22F,Verdena,Elefante,2668915,Verdena,Elefante
TRMMAUM128F92D14F3,Count Basie Big Band,Bookie Blues,3249425,Count Basie Big Band,Blues for Alfy
TRMMAWA128F4263E08,The Bluetones,Mudslide,1446957,The Bluetones,Mudslide
TRMMAPV128F4272C35,The Durutti Column,Sketch For Dawn (Live 13.8.1981),6995884,The Durutti Column,Sketch for Dawn
TRMMAWJ128F92EB125,Gino Paoli,Io Vado Con L'Anima,6424484,Gino Paoli & Ricky Gianco,Io vado con l'anima
TRMMAYA128F42A884A,Aural Float,New Frontiers,3323002,Aural Float,New Frontiers
TRMMAMS128F92F3BAC,Heston,Like Sunshine,8515728,Heston,Like Sunshine
TRMMAMM12903CAF37A,Shakespears Sister,It's A Trip (Stems Mix),9035809,Shakespears Sister,It's a Trip
TRMMAOJ128F4243312,Platero Y Tu,Un Abecedario Sin Letras,2357720,Platero y tú,Un abecedario sin letras
TRMMAAZ128F427330F,Section 25,Dirty Disco II (Pre-Mix version),2271074,Section 25,Dirty Disco II (Pre-mix)
TRMMAYV12903CBF158,April March,Attention Cherie,7296043,April March & Steve Hanft,Attention Chérie
TRMMAWB128F4278517,Life Of Agony,Don't You (Forget About Me) (Album Version),1022447,Life of Agony,Don't You (Forget About Me)
TRMMABI12903CF5E42,Adema,Until Now,3317037,Adema,Until Now
TRMMABF128F425862B,Four Year Strong,Heroes Get Remembered_ Legends Never Die,6411296,Four Year Strong,"Heroes Get Remembered, Legends Never Die"
TRMMAVX128F9333866,Mala Reputación,Abre los ojos,4272719,Belén Arjona,Abre los ojos
TRMMAOE128F92E132F,Lightnin' Hopkins,Everyday I Have The Blues,1440286,Lightnin' Hopkins,Everyday I Have the Blues
TRMMABQ128F92EADF9,George Winston,Tamarack Pines,802136,George Winston,Tamarack Pines
TRMMALK128F4262C40,Beady Belle,A Touch Of Paradise,7234453,Beady Belle,A Touch of Paradise
TRMMASU12903C9A2A4,Hot Lips Page,He's Pulling His Whiskers On,13122302,Hot Lips Page,He's Pulling His Whiskers
TRMMAKR128F423A02B,Anthony Cruz,I've Been Waiting,5263408,Matthew Sweet,I've Been Waiting
TRMMAGG128F4295B80,Terry Stafford,She Wishes I Were You,9590638,Terry Stafford,She Wishes I Were You
TRMMATM128F933D5F5,Loquillo,Cadillac Solitario (Rockdelux Experience 23/11/04),9388925,Loquillo,Cadillac Solitario
TRMMALW128F92FD049,John Mayer,Out Of My Mind,7346359,John Mayer Trio,Out of My Mind
TRMMAZT12903CF5EE5,Evile,Thrasher,6448196,Evile,Thrasher
